Command line invocation:
    /Applications/Xcode.app/Contents/Developer/usr/bin/xcodebuild -project Quotable.xcodeproj -scheme Quotable archive -archivePath ../.asc/artifacts/QuotableMac.xcarchive

--- xcodebuild: WARNING: Using the first of multiple matching destinations:
{ platform:macOS, name:Any Mac }
{ platform:macOS, arch:arm64, id:00008132-001238112E2A401C, name:My Mac }
{ platform:macOS, arch:x86_64, id:00008132-001238112E2A401C, name:My Mac }
ComputePackagePrebuildTargetDependencyGraph

Prepare packages

CreateBuildRequest

SendProjectDescription

CreateBuildOperation

ComputeTargetDependencyGraph
note: Building targets in dependency order
note: Target dependency graph (1 target)
    Target 'Quotable' in project 'Quotable' (no dependencies)

GatherProvisioningInputs

CreateBuildDescription

ExecuteExternalTool /Applications/Xcode.app/Contents/Developer/Toolchains/XcodeDefault.xctoolchain/usr/bin/clang -v -E -dM -isysroot /Applications/Xcode.app/Contents/Developer/Platforms/MacOSX.platform/Developer/SDKs/MacOSX26.5.sdk -x c -c /dev/null

ExecuteExternalTool /Applications/Xcode.app/Contents/Developer/usr/bin/actool --version --output-format xml1

ExecuteExternalTool /Applications/Xcode.app/Contents/Developer/usr/bin/xcstringstool compile --dry-run --output-directory /Users/joshua/Library/Developer/Xcode/DerivedData/Quotable-feiosoqddtaaylftjupshbudqttq/Build/Intermediates.noindex/ArchiveIntermediates/Quotable/IntermediateBuildFilesPath/Quotable.build/Release/Quotable.build /Users/joshua/Documents/Code/quotestreak/ios/Quotable/Localizable.xcstrings

ExecuteExternalTool /Applications/Xcode.app/Contents/Developer/Toolchains/XcodeDefault.xctoolchain/usr/bin/swiftc --version

ExecuteExternalTool /Applications/Xcode.app/Contents/Developer/Toolchains/XcodeDefault.xctoolchain/usr/bin/ld -version_details

Build description signature: 57fad633f2ceb2e0cb12bfe69a4abe46
Build description path: /Users/joshua/Library/Developer/Xcode/DerivedData/Quotable-feiosoqddtaaylftjupshbudqttq/Build/Intermediates.noindex/ArchiveIntermediates/Quotable/IntermediateBuildFilesPath/XCBuildData/57fad633f2ceb2e0cb12bfe69a4abe46.xcbuilddata
CreateBuildDirectory /Users/joshua/Library/Developer/Xcode/DerivedData/Quotable-feiosoqddtaaylftjupshbudqttq/Build/Intermediates.noindex/ArchiveIntermediates/Quotable/InstallationBuildProductsLocation
    cd /Users/joshua/Documents/Code/quotestreak/macos/Quotable.xcodeproj
    builtin-create-build-directory /Users/joshua/Library/Developer/Xcode/DerivedData/Quotable-feiosoqddtaaylftjupshbudqttq/Build/Intermediates.noindex/ArchiveIntermediates/Quotable/InstallationBuildProductsLocation

ClangStatCache /Applications/Xcode.app/Contents/Developer/Toolchains/XcodeDefault.xctoolchain/usr/bin/clang-stat-cache /Applications/Xcode.app/Contents/Developer/Platforms/MacOSX.platform/Developer/SDKs/MacOSX26.5.sdk /Users/joshua/Library/Developer/Xcode/DerivedData/SDKStatCaches.noindex/macosx26.5-25F70-e082c4a02f00227109f4ed75e425c832.sdkstatcache
    cd /Users/joshua/Documents/Code/quotestreak/macos/Quotable.xcodeproj
    /Applications/Xcode.app/Contents/Developer/Toolchains/XcodeDefault.xctoolchain/usr/bin/clang-stat-cache /Applications/Xcode.app/Contents/Developer/Platforms/MacOSX.platform/Developer/SDKs/MacOSX26.5.sdk -o /Users/joshua/Library/Developer/Xcode/DerivedData/SDKStatCaches.noindex/macosx26.5-25F70-e082c4a02f00227109f4ed75e425c832.sdkstatcache

CreateBuildDirectory /Users/joshua/Library/Developer/Xcode/DerivedData/Quotable-feiosoqddtaaylftjupshbudqttq/Build/Intermediates.noindex/ArchiveIntermediates/Quotable/BuildProductsPath
    cd /Users/joshua/Documents/Code/quotestreak/macos/Quotable.xcodeproj
    builtin-create-build-directory /Users/joshua/Library/Developer/Xcode/DerivedData/Quotable-feiosoqddtaaylftjupshbudqttq/Build/Intermediates.noindex/ArchiveIntermediates/Quotable/BuildProductsPath

CreateBuildDirectory /Users/joshua/Library/Developer/Xcode/DerivedData/Quotable-feiosoqddtaaylftjupshbudqttq/Build/Intermediates.noindex/ArchiveIntermediates/Quotable/IntermediateBuildFilesPath
    cd /Users/joshua/Documents/Code/quotestreak/macos/Quotable.xcodeproj
    builtin-create-build-directory /Users/joshua/Library/Developer/Xcode/DerivedData/Quotable-feiosoqddtaaylftjupshbudqttq/Build/Intermediates.noindex/ArchiveIntermediates/Quotable/IntermediateBuildFilesPath

CreateBuildDirectory /Users/joshua/Library/Developer/Xcode/DerivedData/Quotable-feiosoqddtaaylftjupshbudqttq/Build/Intermediates.noindex/ArchiveIntermediates/Quotable/IntermediateBuildFilesPath/SwiftExplicitPrecompiledModules
    cd /Users/joshua/Documents/Code/quotestreak/macos/Quotable.xcodeproj
    builtin-create-build-directory /Users/joshua/Library/Developer/Xcode/DerivedData/Quotable-feiosoqddtaaylftjupshbudqttq/Build/Intermediates.noindex/ArchiveIntermediates/Quotable/IntermediateBuildFilesPath/SwiftExplicitPrecompiledModules

CreateBuildDirectory /Users/joshua/Library/Developer/Xcode/DerivedData/Quotable-feiosoqddtaaylftjupshbudqttq/Build/Intermediates.noindex/ArchiveIntermediates/Quotable/IntermediateBuildFilesPath/ExplicitPrecompiledModules
    cd /Users/joshua/Documents/Code/quotestreak/macos/Quotable.xcodeproj
    builtin-create-build-directory /Users/joshua/Library/Developer/Xcode/DerivedData/Quotable-feiosoqddtaaylftjupshbudqttq/Build/Intermediates.noindex/ArchiveIntermediates/Quotable/IntermediateBuildFilesPath/ExplicitPrecompiledModules

CreateBuildDirectory /Users/joshua/Library/Developer/Xcode/DerivedData/Quotable-feiosoqddtaaylftjupshbudqttq/Build/Intermediates.noindex/ArchiveIntermediates/Quotable/IntermediateBuildFilesPath/EagerLinkingTBDs/Release
    cd /Users/joshua/Documents/Code/quotestreak/macos/Quotable.xcodeproj
    builtin-create-build-directory /Users/joshua/Library/Developer/Xcode/DerivedData/Quotable-feiosoqddtaaylftjupshbudqttq/Build/Intermediates.noindex/ArchiveIntermediates/Quotable/IntermediateBuildFilesPath/EagerLinkingTBDs/Release

CreateBuildDirectory /Users/joshua/Library/Developer/Xcode/DerivedData/Quotable-feiosoqddtaaylftjupshbudqttq/Build/Intermediates.noindex/ArchiveIntermediates/Quotable/BuildProductsPath/Release
    cd /Users/joshua/Documents/Code/quotestreak/macos/Quotable.xcodeproj
    builtin-create-build-directory /Users/joshua/Library/Developer/Xcode/DerivedData/Quotable-feiosoqddtaaylftjupshbudqttq/Build/Intermediates.noindex/ArchiveIntermediates/Quotable/BuildProductsPath/Release

WriteAuxiliaryFile /Users/joshua/Library/Developer/Xcode/DerivedData/Quotable-feiosoqddtaaylftjupshbudqttq/Build/Intermediates.noindex/ArchiveIntermediates/Quotable/IntermediateBuildFilesPath/Quotable.build/Release/Quotable-4dc7023bdfcf8d8a8bc54637bc42d3c9-VFS/all-product-headers.yaml
    cd /Users/joshua/Documents/Code/quotestreak/macos/Quotable.xcodeproj
    write-file /Users/joshua/Library/Developer/Xcode/DerivedData/Quotable-feiosoqddtaaylftjupshbudqttq/Build/Intermediates.noindex/ArchiveIntermediates/Quotable/IntermediateBuildFilesPath/Quotable.build/Release/Quotable-4dc7023bdfcf8d8a8bc54637bc42d3c9-VFS/all-product-headers.yaml

WriteAuxiliaryFile /Users/joshua/Library/Developer/Xcode/DerivedData/Quotable-feiosoqddtaaylftjupshbudqttq/Build/Intermediates.noindex/ArchiveIntermediates/Quotable/IntermediateBuildFilesPath/Quotable.build/Release/Quotable.build/Quotable-generated-files.hmap (in target 'Quotable' from project 'Quotable')
    cd /Users/joshua/Documents/Code/quotestreak/macos
    write-file /Users/joshua/Library/Developer/Xcode/DerivedData/Quotable-feiosoqddtaaylftjupshbudqttq/Build/Intermediates.noindex/ArchiveIntermediates/Quotable/IntermediateBuildFilesPath/Quotable.build/Release/Quotable.build/Quotable-generated-files.hmap

WriteAuxiliaryFile /Users/joshua/Library/Developer/Xcode/DerivedData/Quotable-feiosoqddtaaylftjupshbudqttq/Build/Intermediates.noindex/ArchiveIntermediates/Quotable/IntermediateBuildFilesPath/Quotable.build/Release/Quotable.build/Quotable.hmap (in target 'Quotable' from project 'Quotable')
    cd /Users/joshua/Documents/Code/quotestreak/macos
    write-file /Users/joshua/Library/Developer/Xcode/DerivedData/Quotable-feiosoqddtaaylftjupshbudqttq/Build/Intermediates.noindex/ArchiveIntermediates/Quotable/IntermediateBuildFilesPath/Quotable.build/Release/Quotable.build/Quotable.hmap

WriteAuxiliaryFile /Users/joshua/Library/Developer/Xcode/DerivedData/Quotable-feiosoqddtaaylftjupshbudqttq/Build/Intermediates.noindex/ArchiveIntermediates/Quotable/IntermediateBuildFilesPath/Quotable.build/Release/Quotable.build/Quotable-all-non-framework-target-headers.hmap (in target 'Quotable' from project 'Quotable')
    cd /Users/joshua/Documents/Code/quotestreak/macos
    write-file /Users/joshua/Library/Developer/Xcode/DerivedData/Quotable-feiosoqddtaaylftjupshbudqttq/Build/Intermediates.noindex/ArchiveIntermediates/Quotable/IntermediateBuildFilesPath/Quotable.build/Release/Quotable.build/Quotable-all-non-framework-target-headers.hmap

WriteAuxiliaryFile /Users/joshua/Library/Developer/Xcode/DerivedData/Quotable-feiosoqddtaaylftjupshbudqttq/Build/Intermediates.noindex/ArchiveIntermediates/Quotable/IntermediateBuildFilesPath/Quotable.build/Release/Quotable.build/Quotable.DependencyStaticMetadataFileList (in target 'Quotable' from project 'Quotable')
    cd /Users/joshua/Documents/Code/quotestreak/macos
    write-file /Users/joshua/Library/Developer/Xcode/DerivedData/Quotable-feiosoqddtaaylftjupshbudqttq/Build/Intermediates.noindex/ArchiveIntermediates/Quotable/IntermediateBuildFilesPath/Quotable.build/Release/Quotable.build/Quotable.DependencyStaticMetadataFileList

WriteAuxiliaryFile /Users/joshua/Library/Developer/Xcode/DerivedData/Quotable-feiosoqddtaaylftjupshbudqttq/Build/Intermediates.noindex/ArchiveIntermediates/Quotable/IntermediateBuildFilesPath/Quotable.build/Release/Quotable.build/Quotable.DependencyMetadataFileList (in target 'Quotable' from project 'Quotable')
    cd /Users/joshua/Documents/Code/quotestreak/macos
    write-file /Users/joshua/Library/Developer/Xcode/DerivedData/Quotable-feiosoqddtaaylftjupshbudqttq/Build/Intermediates.noindex/ArchiveIntermediates/Quotable/IntermediateBuildFilesPath/Quotable.build/Release/Quotable.build/Quotable.DependencyMetadataFileList

WriteAuxiliaryFile /Users/joshua/Library/Developer/Xcode/DerivedData/Quotable-feiosoqddtaaylftjupshbudqttq/Build/Intermediates.noindex/ArchiveIntermediates/Quotable/IntermediateBuildFilesPath/Quotable.build/Release/Quotable.build/Quotable-all-target-headers.hmap (in target 'Quotable' from project 'Quotable')
    cd /Users/joshua/Documents/Code/quotestreak/macos
    write-file /Users/joshua/Library/Developer/Xcode/DerivedData/Quotable-feiosoqddtaaylftjupshbudqttq/Build/Intermediates.noindex/ArchiveIntermediates/Quotable/IntermediateBuildFilesPath/Quotable.build/Release/Quotable.build/Quotable-all-target-headers.hmap

WriteAuxiliaryFile /Users/joshua/Library/Developer/Xcode/DerivedData/Quotable-feiosoqddtaaylftjupshbudqttq/Build/Intermediates.noindex/ArchiveIntermediates/Quotable/IntermediateBuildFilesPath/Quotable.build/Release/Quotable.build/Quotable-own-target-headers.hmap (in target 'Quotable' from project 'Quotable')
    cd /Users/joshua/Documents/Code/quotestreak/macos
    write-file /Users/joshua/Library/Developer/Xcode/DerivedData/Quotable-feiosoqddtaaylftjupshbudqttq/Build/Intermediates.noindex/ArchiveIntermediates/Quotable/IntermediateBuildFilesPath/Quotable.build/Release/Quotable.build/Quotable-own-target-headers.hmap

WriteAuxiliaryFile /Users/joshua/Library/Developer/Xcode/DerivedData/Quotable-feiosoqddtaaylftjupshbudqttq/Build/Intermediates.noindex/ArchiveIntermediates/Quotable/IntermediateBuildFilesPath/Quotable.build/Release/Quotable.build/Quotable-project-headers.hmap (in target 'Quotable' from project 'Quotable')
    cd /Users/joshua/Documents/Code/quotestreak/macos
    write-file /Users/joshua/Library/Developer/Xcode/DerivedData/Quotable-feiosoqddtaaylftjupshbudqttq/Build/Intermediates.noindex/ArchiveIntermediates/Quotable/IntermediateBuildFilesPath/Quotable.build/Release/Quotable.build/Quotable-project-headers.hmap

WriteAuxiliaryFile /Users/joshua/Library/Developer/Xcode/DerivedData/Quotable-feiosoqddtaaylftjupshbudqttq/Build/Intermediates.noindex/ArchiveIntermediates/Quotable/IntermediateBuildFilesPath/Quotable.build/Release/Quotable.build/Objects-normal/x86_64/Quotable_const_extract_protocols.json (in target 'Quotable' from project 'Quotable')
    cd /Users/joshua/Documents/Code/quotestreak/macos
    write-file /Users/joshua/Library/Developer/Xcode/DerivedData/Quotable-feiosoqddtaaylftjupshbudqttq/Build/Intermediates.noindex/ArchiveIntermediates/Quotable/IntermediateBuildFilesPath/Quotable.build/Release/Quotable.build/Objects-normal/x86_64/Quotable_const_extract_protocols.json

WriteAuxiliaryFile /Users/joshua/Library/Developer/Xcode/DerivedData/Quotable-feiosoqddtaaylftjupshbudqttq/Build/Intermediates.noindex/ArchiveIntermediates/Quotable/IntermediateBuildFilesPath/Quotable.build/Release/Quotable.build/Objects-normal/x86_64/Quotable.SwiftFileList (in target 'Quotable' from project 'Quotable')
    cd /Users/joshua/Documents/Code/quotestreak/macos
    write-file /Users/joshua/Library/Developer/Xcode/DerivedData/Quotable-feiosoqddtaaylftjupshbudqttq/Build/Intermediates.noindex/ArchiveIntermediates/Quotable/IntermediateBuildFilesPath/Quotable.build/Release/Quotable.build/Objects-normal/x86_64/Quotable.SwiftFileList

WriteAuxiliaryFile /Users/joshua/Library/Developer/Xcode/DerivedData/Quotable-feiosoqddtaaylftjupshbudqttq/Build/Intermediates.noindex/ArchiveIntermediates/Quotable/IntermediateBuildFilesPath/Quotable.build/Release/Quotable.build/Objects-normal/x86_64/Quotable.SwiftConstValuesFileList (in target 'Quotable' from project 'Quotable')
    cd /Users/joshua/Documents/Code/quotestreak/macos
    write-file /Users/joshua/Library/Developer/Xcode/DerivedData/Quotable-feiosoqddtaaylftjupshbudqttq/Build/Intermediates.noindex/ArchiveIntermediates/Quotable/IntermediateBuildFilesPath/Quotable.build/Release/Quotable.build/Objects-normal/x86_64/Quotable.SwiftConstValuesFileList

WriteAuxiliaryFile /Users/joshua/Library/Developer/Xcode/DerivedData/Quotable-feiosoqddtaaylftjupshbudqttq/Build/Intermediates.noindex/ArchiveIntermediates/Quotable/IntermediateBuildFilesPath/Quotable.build/Release/Quotable.build/Objects-normal/x86_64/Quotable.LinkFileList (in target 'Quotable' from project 'Quotable')
    cd /Users/joshua/Documents/Code/quotestreak/macos
    write-file /Users/joshua/Library/Developer/Xcode/DerivedData/Quotable-feiosoqddtaaylftjupshbudqttq/Build/Intermediates.noindex/ArchiveIntermediates/Quotable/IntermediateBuildFilesPath/Quotable.build/Release/Quotable.build/Objects-normal/x86_64/Quotable.LinkFileList

WriteAuxiliaryFile /Users/joshua/Library/Developer/Xcode/DerivedData/Quotable-feiosoqddtaaylftjupshbudqttq/Build/Intermediates.noindex/ArchiveIntermediates/Quotable/IntermediateBuildFilesPath/Quotable.build/Release/Quotable.build/Objects-normal/x86_64/Quotable-OutputFileMap.json (in target 'Quotable' from project 'Quotable')
    cd /Users/joshua/Documents/Code/quotestreak/macos
    write-file /Users/joshua/Library/Developer/Xcode/DerivedData/Quotable-feiosoqddtaaylftjupshbudqttq/Build/Intermediates.noindex/ArchiveIntermediates/Quotable/IntermediateBuildFilesPath/Quotable.build/Release/Quotable.build/Objects-normal/x86_64/Quotable-OutputFileMap.json

WriteAuxiliaryFile /Users/joshua/Library/Developer/Xcode/DerivedData/Quotable-feiosoqddtaaylftjupshbudqttq/Build/Intermediates.noindex/ArchiveIntermediates/Quotable/IntermediateBuildFilesPath/Quotable.build/Release/Quotable.build/Objects-normal/arm64/Quotable_const_extract_protocols.json (in target 'Quotable' from project 'Quotable')
    cd /Users/joshua/Documents/Code/quotestreak/macos
    write-file /Users/joshua/Library/Developer/Xcode/DerivedData/Quotable-feiosoqddtaaylftjupshbudqttq/Build/Intermediates.noindex/ArchiveIntermediates/Quotable/IntermediateBuildFilesPath/Quotable.build/Release/Quotable.build/Objects-normal/arm64/Quotable_const_extract_protocols.json

WriteAuxiliaryFile /Users/joshua/Library/Developer/Xcode/DerivedData/Quotable-feiosoqddtaaylftjupshbudqttq/Build/Intermediates.noindex/ArchiveIntermediates/Quotable/IntermediateBuildFilesPath/Quotable.build/Release/Quotable.build/Objects-normal/arm64/Quotable.SwiftFileList (in target 'Quotable' from project 'Quotable')
    cd /Users/joshua/Documents/Code/quotestreak/macos
    write-file /Users/joshua/Library/Developer/Xcode/DerivedData/Quotable-feiosoqddtaaylftjupshbudqttq/Build/Intermediates.noindex/ArchiveIntermediates/Quotable/IntermediateBuildFilesPath/Quotable.build/Release/Quotable.build/Objects-normal/arm64/Quotable.SwiftFileList

WriteAuxiliaryFile /Users/joshua/Library/Developer/Xcode/DerivedData/Quotable-feiosoqddtaaylftjupshbudqttq/Build/Intermediates.noindex/ArchiveIntermediates/Quotable/IntermediateBuildFilesPath/Quotable.build/Release/Quotable.build/Objects-normal/arm64/Quotable.SwiftConstValuesFileList (in target 'Quotable' from project 'Quotable')
    cd /Users/joshua/Documents/Code/quotestreak/macos
    write-file /Users/joshua/Library/Developer/Xcode/DerivedData/Quotable-feiosoqddtaaylftjupshbudqttq/Build/Intermediates.noindex/ArchiveIntermediates/Quotable/IntermediateBuildFilesPath/Quotable.build/Release/Quotable.build/Objects-normal/arm64/Quotable.SwiftConstValuesFileList

WriteAuxiliaryFile /Users/joshua/Library/Developer/Xcode/DerivedData/Quotable-feiosoqddtaaylftjupshbudqttq/Build/Intermediates.noindex/ArchiveIntermediates/Quotable/IntermediateBuildFilesPath/Quotable.build/Release/Quotable.build/Objects-normal/arm64/Quotable.LinkFileList (in target 'Quotable' from project 'Quotable')
    cd /Users/joshua/Documents/Code/quotestreak/macos
    write-file /Users/joshua/Library/Developer/Xcode/DerivedData/Quotable-feiosoqddtaaylftjupshbudqttq/Build/Intermediates.noindex/ArchiveIntermediates/Quotable/IntermediateBuildFilesPath/Quotable.build/Release/Quotable.build/Objects-normal/arm64/Quotable.LinkFileList

WriteAuxiliaryFile /Users/joshua/Library/Developer/Xcode/DerivedData/Quotable-feiosoqddtaaylftjupshbudqttq/Build/Intermediates.noindex/ArchiveIntermediates/Quotable/IntermediateBuildFilesPath/Quotable.build/Release/Quotable.build/Objects-normal/arm64/Quotable-OutputFileMap.json (in target 'Quotable' from project 'Quotable')
    cd /Users/joshua/Documents/Code/quotestreak/macos
    write-file /Users/joshua/Library/Developer/Xcode/DerivedData/Quotable-feiosoqddtaaylftjupshbudqttq/Build/Intermediates.noindex/ArchiveIntermediates/Quotable/IntermediateBuildFilesPath/Quotable.build/Release/Quotable.build/Objects-normal/arm64/Quotable-OutputFileMap.json

WriteAuxiliaryFile /Users/joshua/Library/Developer/Xcode/DerivedData/Quotable-feiosoqddtaaylftjupshbudqttq/Build/Intermediates.noindex/ArchiveIntermediates/Quotable/IntermediateBuildFilesPath/Quotable.build/Release/Quotable.build/DerivedSources/Entitlements.plist (in target 'Quotable' from project 'Quotable')
    cd /Users/joshua/Documents/Code/quotestreak/macos
    write-file /Users/joshua/Library/Developer/Xcode/DerivedData/Quotable-feiosoqddtaaylftjupshbudqttq/Build/Intermediates.noindex/ArchiveIntermediates/Quotable/IntermediateBuildFilesPath/Quotable.build/Release/Quotable.build/DerivedSources/Entitlements.plist

SymLink /Users/joshua/Library/Developer/Xcode/DerivedData/Quotable-feiosoqddtaaylftjupshbudqttq/Build/Intermediates.noindex/ArchiveIntermediates/Quotable/BuildProductsPath/Release/Quotable.app ../../InstallationBuildProductsLocation/Applications/Quotable.app (in target 'Quotable' from project 'Quotable')
    cd /Users/joshua/Documents/Code/quotestreak/macos
    /bin/ln -sfh ../../InstallationBuildProductsLocation/Applications/Quotable.app /Users/joshua/Library/Developer/Xcode/DerivedData/Quotable-feiosoqddtaaylftjupshbudqttq/Build/Intermediates.noindex/ArchiveIntermediates/Quotable/BuildProductsPath/Release/Quotable.app

MkDir /Users/joshua/Library/Developer/Xcode/DerivedData/Quotable-feiosoqddtaaylftjupshbudqttq/Build/Intermediates.noindex/ArchiveIntermediates/Quotable/InstallationBuildProductsLocation/Applications/Quotable.app/Contents/Resources (in target 'Quotable' from project 'Quotable')
    cd /Users/joshua/Documents/Code/quotestreak/macos
    /bin/mkdir -p /Users/joshua/Library/Developer/Xcode/DerivedData/Quotable-feiosoqddtaaylftjupshbudqttq/Build/Intermediates.noindex/ArchiveIntermediates/Quotable/InstallationBuildProductsLocation/Applications/Quotable.app/Contents/Resources

MkDir /Users/joshua/Library/Developer/Xcode/DerivedData/Quotable-feiosoqddtaaylftjupshbudqttq/Build/Intermediates.noindex/ArchiveIntermediates/Quotable/InstallationBuildProductsLocation/Applications/Quotable.app/Contents/MacOS (in target 'Quotable' from project 'Quotable')
    cd /Users/joshua/Documents/Code/quotestreak/macos
    /bin/mkdir -p /Users/joshua/Library/Developer/Xcode/DerivedData/Quotable-feiosoqddtaaylftjupshbudqttq/Build/Intermediates.noindex/ArchiveIntermediates/Quotable/InstallationBuildProductsLocation/Applications/Quotable.app/Contents/MacOS

MkDir /Users/joshua/Library/Developer/Xcode/DerivedData/Quotable-feiosoqddtaaylftjupshbudqttq/Build/Intermediates.noindex/ArchiveIntermediates/Quotable/InstallationBuildProductsLocation/Applications/Quotable.app/Contents (in target 'Quotable' from project 'Quotable')
    cd /Users/joshua/Documents/Code/quotestreak/macos
    /bin/mkdir -p /Users/joshua/Library/Developer/Xcode/DerivedData/Quotable-feiosoqddtaaylftjupshbudqttq/Build/Intermediates.noindex/ArchiveIntermediates/Quotable/InstallationBuildProductsLocation/Applications/Quotable.app/Contents

MkDir /Users/joshua/Library/Developer/Xcode/DerivedData/Quotable-feiosoqddtaaylftjupshbudqttq/Build/Intermediates.noindex/ArchiveIntermediates/Quotable/InstallationBuildProductsLocation/Applications/Quotable.app (in target 'Quotable' from project 'Quotable')
    cd /Users/joshua/Documents/Code/quotestreak/macos
    /bin/mkdir -p /Users/joshua/Library/Developer/Xcode/DerivedData/Quotable-feiosoqddtaaylftjupshbudqttq/Build/Intermediates.noindex/ArchiveIntermediates/Quotable/InstallationBuildProductsLocation/Applications/Quotable.app

ProcessProductPackaging /Users/joshua/Documents/Code/quotestreak/macos/Quotable.entitlements /Users/joshua/Library/Developer/Xcode/DerivedData/Quotable-feiosoqddtaaylftjupshbudqttq/Build/Intermediates.noindex/ArchiveIntermediates/Quotable/IntermediateBuildFilesPath/Quotable.build/Release/Quotable.build/Quotable.app.xcent (in target 'Quotable' from project 'Quotable')
    cd /Users/joshua/Documents/Code/quotestreak/macos
    
    Entitlements:
    
    {
    "com.apple.security.app-sandbox" = 1;
}
    
    builtin-productPackagingUtility /Users/joshua/Documents/Code/quotestreak/macos/Quotable.entitlements -entitlements -format xml -o /Users/joshua/Library/Developer/Xcode/DerivedData/Quotable-feiosoqddtaaylftjupshbudqttq/Build/Intermediates.noindex/ArchiveIntermediates/Quotable/IntermediateBuildFilesPath/Quotable.build/Release/Quotable.build/Quotable.app.xcent

ProcessProductPackagingDER /Users/joshua/Library/Developer/Xcode/DerivedData/Quotable-feiosoqddtaaylftjupshbudqttq/Build/Intermediates.noindex/ArchiveIntermediates/Quotable/IntermediateBuildFilesPath/Quotable.build/Release/Quotable.build/Quotable.app.xcent /Users/joshua/Library/Developer/Xcode/DerivedData/Quotable-feiosoqddtaaylftjupshbudqttq/Build/Intermediates.noindex/ArchiveIntermediates/Quotable/IntermediateBuildFilesPath/Quotable.build/Release/Quotable.build/Quotable.app.xcent.der (in target 'Quotable' from project 'Quotable')
    cd /Users/joshua/Documents/Code/quotestreak/macos
    /usr/bin/derq query -f xml -i /Users/joshua/Library/Developer/Xcode/DerivedData/Quotable-feiosoqddtaaylftjupshbudqttq/Build/Intermediates.noindex/ArchiveIntermediates/Quotable/IntermediateBuildFilesPath/Quotable.build/Release/Quotable.build/Quotable.app.xcent -o /Users/joshua/Library/Developer/Xcode/DerivedData/Quotable-feiosoqddtaaylftjupshbudqttq/Build/Intermediates.noindex/ArchiveIntermediates/Quotable/IntermediateBuildFilesPath/Quotable.build/Release/Quotable.build/Quotable.app.xcent.der --raw

MkDir /Users/joshua/Library/Developer/Xcode/DerivedData/Quotable-feiosoqddtaaylftjupshbudqttq/Build/Intermediates.noindex/ArchiveIntermediates/Quotable/IntermediateBuildFilesPath/Quotable.build/Release/Quotable.build/assetcatalog_output/unthinned (in target 'Quotable' from project 'Quotable')
    cd /Users/joshua/Documents/Code/quotestreak/macos
    /bin/mkdir -p /Users/joshua/Library/Developer/Xcode/DerivedData/Quotable-feiosoqddtaaylftjupshbudqttq/Build/Intermediates.noindex/ArchiveIntermediates/Quotable/IntermediateBuildFilesPath/Quotable.build/Release/Quotable.build/assetcatalog_output/unthinned

GenerateAssetSymbols /Users/joshua/Documents/Code/quotestreak/macos/Assets.xcassets (in target 'Quotable' from project 'Quotable')
    cd /Users/joshua/Documents/Code/quotestreak/macos
    /Applications/Xcode.app/Contents/Developer/usr/bin/actool /Users/joshua/Documents/Code/quotestreak/macos/Assets.xcassets --compile /Users/joshua/Library/Developer/Xcode/DerivedData/Quotable-feiosoqddtaaylftjupshbudqttq/Build/Intermediates.noindex/ArchiveIntermediates/Quotable/InstallationBuildProductsLocation/Applications/Quotable.app/Contents/Resources --output-format human-readable-text --notices --warnings --export-dependency-info /Users/joshua/Library/Developer/Xcode/DerivedData/Quotable-feiosoqddtaaylftjupshbudqttq/Build/Intermediates.noindex/ArchiveIntermediates/Quotable/IntermediateBuildFilesPath/Quotable.build/Release/Quotable.build/assetcatalog_dependencies --output-partial-info-plist /Users/joshua/Library/Developer/Xcode/DerivedData/Quotable-feiosoqddtaaylftjupshbudqttq/Build/Intermediates.noindex/ArchiveIntermediates/Quotable/IntermediateBuildFilesPath/Quotable.build/Release/Quotable.build/assetcatalog_generated_info.plist --app-icon AppIcon --enable-on-demand-resources NO --development-region en --target-device mac --minimum-deployment-target 14.0 --platform macosx --bundle-identifier com.heyitsmejosh.quotable --generate-swift-asset-symbol-extensions NO --generate-swift-asset-symbols /Users/joshua/Library/Developer/Xcode/DerivedData/Quotable-feiosoqddtaaylftjupshbudqttq/Build/Intermediates.noindex/ArchiveIntermediates/Quotable/IntermediateBuildFilesPath/Quotable.build/Release/Quotable.build/DerivedSources/GeneratedAssetSymbols.swift --generate-objc-asset-symbols /Users/joshua/Library/Developer/Xcode/DerivedData/Quotable-feiosoqddtaaylftjupshbudqttq/Build/Intermediates.noindex/ArchiveIntermediates/Quotable/IntermediateBuildFilesPath/Quotable.build/Release/Quotable.build/DerivedSources/GeneratedAssetSymbols.h --generate-asset-symbol-index /Users/joshua/Library/Developer/Xcode/DerivedData/Quotable-feiosoqddtaaylftjupshbudqttq/Build/Intermediates.noindex/ArchiveIntermediates/Quotable/IntermediateBuildFilesPath/Quotable.build/Release/Quotable.build/DerivedSources/GeneratedAssetSymbols-Index.plist
/* com.apple.actool.compilation-results */
/Users/joshua/Library/Developer/Xcode/DerivedData/Quotable-feiosoqddtaaylftjupshbudqttq/Build/Intermediates.noindex/ArchiveIntermediates/Quotable/IntermediateBuildFilesPath/Quotable.build/Release/Quotable.build/DerivedSources/GeneratedAssetSymbols-Index.plist
/Users/joshua/Library/Developer/Xcode/DerivedData/Quotable-feiosoqddtaaylftjupshbudqttq/Build/Intermediates.noindex/ArchiveIntermediates/Quotable/IntermediateBuildFilesPath/Quotable.build/Release/Quotable.build/DerivedSources/GeneratedAssetSymbols.h
/Users/joshua/Library/Developer/Xcode/DerivedData/Quotable-feiosoqddtaaylftjupshbudqttq/Build/Intermediates.noindex/ArchiveIntermediates/Quotable/IntermediateBuildFilesPath/Quotable.build/Release/Quotable.build/DerivedSources/GeneratedAssetSymbols.swift


MkDir /Users/joshua/Library/Developer/Xcode/DerivedData/Quotable-feiosoqddtaaylftjupshbudqttq/Build/Intermediates.noindex/ArchiveIntermediates/Quotable/IntermediateBuildFilesPath/Quotable.build/Release/Quotable.build/assetcatalog_output/thinned (in target 'Quotable' from project 'Quotable')
    cd /Users/joshua/Documents/Code/quotestreak/macos
    /bin/mkdir -p /Users/joshua/Library/Developer/Xcode/DerivedData/Quotable-feiosoqddtaaylftjupshbudqttq/Build/Intermediates.noindex/ArchiveIntermediates/Quotable/IntermediateBuildFilesPath/Quotable.build/Release/Quotable.build/assetcatalog_output/thinned

CpResource /Users/joshua/Library/Developer/Xcode/DerivedData/Quotable-feiosoqddtaaylftjupshbudqttq/Build/Intermediates.noindex/ArchiveIntermediates/Quotable/InstallationBuildProductsLocation/Applications/Quotable.app/Contents/Resources/quotes.json /Users/joshua/Documents/Code/quotestreak/macos/Quotable/Resources/quotes.json (in target 'Quotable' from project 'Quotable')
    cd /Users/joshua/Documents/Code/quotestreak/macos
    builtin-copy -exclude .DS_Store -exclude CVS -exclude .svn -exclude .git -exclude .hg -resolve-src-symlinks /Users/joshua/Documents/Code/quotestreak/macos/Quotable/Resources/quotes.json /Users/joshua/Library/Developer/Xcode/DerivedData/Quotable-feiosoqddtaaylftjupshbudqttq/Build/Intermediates.noindex/ArchiveIntermediates/Quotable/InstallationBuildProductsLocation/Applications/Quotable.app/Contents/Resources

CompileXCStrings /Users/joshua/Library/Developer/Xcode/DerivedData/Quotable-feiosoqddtaaylftjupshbudqttq/Build/Intermediates.noindex/ArchiveIntermediates/Quotable/IntermediateBuildFilesPath/Quotable.build/Release/Quotable.build/ /Users/joshua/Documents/Code/quotestreak/ios/Quotable/Localizable.xcstrings (in target 'Quotable' from project 'Quotable')
    cd /Users/joshua/Documents/Code/quotestreak/macos
    /Applications/Xcode.app/Contents/Developer/usr/bin/xcstringstool compile --output-directory /Users/joshua/Library/Developer/Xcode/DerivedData/Quotable-feiosoqddtaaylftjupshbudqttq/Build/Intermediates.noindex/ArchiveIntermediates/Quotable/IntermediateBuildFilesPath/Quotable.build/Release/Quotable.build /Users/joshua/Documents/Code/quotestreak/ios/Quotable/Localizable.xcstrings

CompileAssetCatalogVariant thinned /Users/joshua/Library/Developer/Xcode/DerivedData/Quotable-feiosoqddtaaylftjupshbudqttq/Build/Intermediates.noindex/ArchiveIntermediates/Quotable/InstallationBuildProductsLocation/Applications/Quotable.app/Contents/Resources /Users/joshua/Documents/Code/quotestreak/macos/Assets.xcassets (in target 'Quotable' from project 'Quotable')
    cd /Users/joshua/Documents/Code/quotestreak/macos
    /Applications/Xcode.app/Contents/Developer/usr/bin/actool /Users/joshua/Documents/Code/quotestreak/macos/Assets.xcassets --compile /Users/joshua/Library/Developer/Xcode/DerivedData/Quotable-feiosoqddtaaylftjupshbudqttq/Build/Intermediates.noindex/ArchiveIntermediates/Quotable/IntermediateBuildFilesPath/Quotable.build/Release/Quotable.build/assetcatalog_output/thinned --output-format human-readable-text --notices --warnings --export-dependency-info /Users/joshua/Library/Developer/Xcode/DerivedData/Quotable-feiosoqddtaaylftjupshbudqttq/Build/Intermediates.noindex/ArchiveIntermediates/Quotable/IntermediateBuildFilesPath/Quotable.build/Release/Quotable.build/assetcatalog_dependencies_thinned --output-partial-info-plist /Users/joshua/Library/Developer/Xcode/DerivedData/Quotable-feiosoqddtaaylftjupshbudqttq/Build/Intermediates.noindex/ArchiveIntermediates/Quotable/IntermediateBuildFilesPath/Quotable.build/Release/Quotable.build/assetcatalog_generated_info.plist_thinned --app-icon AppIcon --enable-on-demand-resources NO --development-region en --target-device mac --minimum-deployment-target 14.0 --platform macosx
/* com.apple.actool.compilation-results */
/Users/joshua/Library/Developer/Xcode/DerivedData/Quotable-feiosoqddtaaylftjupshbudqttq/Build/Intermediates.noindex/ArchiveIntermediates/Quotable/IntermediateBuildFilesPath/Quotable.build/Release/Quotable.build/assetcatalog_generated_info.plist_thinned
/Users/joshua/Library/Developer/Xcode/DerivedData/Quotable-feiosoqddtaaylftjupshbudqttq/Build/Intermediates.noindex/ArchiveIntermediates/Quotable/IntermediateBuildFilesPath/Quotable.build/Release/Quotable.build/assetcatalog_output/thinned/AppIcon.icns
/Users/joshua/Library/Developer/Xcode/DerivedData/Quotable-feiosoqddtaaylftjupshbudqttq/Build/Intermediates.noindex/ArchiveIntermediates/Quotable/IntermediateBuildFilesPath/Quotable.build/Release/Quotable.build/assetcatalog_output/thinned/Assets.car


CopyStringsFile /Users/joshua/Library/Developer/Xcode/DerivedData/Quotable-feiosoqddtaaylftjupshbudqttq/Build/Intermediates.noindex/ArchiveIntermediates/Quotable/InstallationBuildProductsLocation/Applications/Quotable.app/Contents/Resources/pa.lproj/Localizable.strings /Users/joshua/Library/Developer/Xcode/DerivedData/Quotable-feiosoqddtaaylftjupshbudqttq/Build/Intermediates.noindex/ArchiveIntermediates/Quotable/IntermediateBuildFilesPath/Quotable.build/Release/Quotable.build/pa.lproj/Localizable.strings (in target 'Quotable' from project 'Quotable')
    cd /Users/joshua/Documents/Code/quotestreak/macos
    builtin-copyStrings --validate --outputencoding UTF-16 --outfilename Localizable.strings --outdir /Users/joshua/Library/Developer/Xcode/DerivedData/Quotable-feiosoqddtaaylftjupshbudqttq/Build/Intermediates.noindex/ArchiveIntermediates/Quotable/InstallationBuildProductsLocation/Applications/Quotable.app/Contents/Resources/pa.lproj -- /Users/joshua/Library/Developer/Xcode/DerivedData/Quotable-feiosoqddtaaylftjupshbudqttq/Build/Intermediates.noindex/ArchiveIntermediates/Quotable/IntermediateBuildFilesPath/Quotable.build/Release/Quotable.build/pa.lproj/Localizable.strings
/Users/joshua/Library/Developer/Xcode/DerivedData/Quotable-feiosoqddtaaylftjupshbudqttq/Build/Intermediates.noindex/ArchiveIntermediates/Quotable/IntermediateBuildFilesPath/Quotable.build/Release/Quotable.build/pa.lproj/Localizable.strings:1:1: note: detected encoding of input file as Unicode (UTF-8) (in target 'Quotable' from project 'Quotable')

CopyStringsFile /Users/joshua/Library/Developer/Xcode/DerivedData/Quotable-feiosoqddtaaylftjupshbudqttq/Build/Intermediates.noindex/ArchiveIntermediates/Quotable/InstallationBuildProductsLocation/Applications/Quotable.app/Contents/Resources/en.lproj/Localizable.strings /Users/joshua/Library/Developer/Xcode/DerivedData/Quotable-feiosoqddtaaylftjupshbudqttq/Build/Intermediates.noindex/ArchiveIntermediates/Quotable/IntermediateBuildFilesPath/Quotable.build/Release/Quotable.build/en.lproj/Localizable.strings (in target 'Quotable' from project 'Quotable')
    cd /Users/joshua/Documents/Code/quotestreak/macos
    builtin-copyStrings --validate --outputencoding UTF-16 --outfilename Localizable.strings --outdir /Users/joshua/Library/Developer/Xcode/DerivedData/Quotable-feiosoqddtaaylftjupshbudqttq/Build/Intermediates.noindex/ArchiveIntermediates/Quotable/InstallationBuildProductsLocation/Applications/Quotable.app/Contents/Resources/en.lproj -- /Users/joshua/Library/Developer/Xcode/DerivedData/Quotable-feiosoqddtaaylftjupshbudqttq/Build/Intermediates.noindex/ArchiveIntermediates/Quotable/IntermediateBuildFilesPath/Quotable.build/Release/Quotable.build/en.lproj/Localizable.strings
/Users/joshua/Library/Developer/Xcode/DerivedData/Quotable-feiosoqddtaaylftjupshbudqttq/Build/Intermediates.noindex/ArchiveIntermediates/Quotable/IntermediateBuildFilesPath/Quotable.build/Release/Quotable.build/en.lproj/Localizable.strings:1:1: note: detected encoding of input file as Unicode (UTF-8) (in target 'Quotable' from project 'Quotable')

CopyStringsFile /Users/joshua/Library/Developer/Xcode/DerivedData/Quotable-feiosoqddtaaylftjupshbudqttq/Build/Intermediates.noindex/ArchiveIntermediates/Quotable/InstallationBuildProductsLocation/Applications/Quotable.app/Contents/Resources/zh.lproj/Localizable.strings /Users/joshua/Library/Developer/Xcode/DerivedData/Quotable-feiosoqddtaaylftjupshbudqttq/Build/Intermediates.noindex/ArchiveIntermediates/Quotable/IntermediateBuildFilesPath/Quotable.build/Release/Quotable.build/zh.lproj/Localizable.strings (in target 'Quotable' from project 'Quotable')
    cd /Users/joshua/Documents/Code/quotestreak/macos
    builtin-copyStrings --validate --outputencoding UTF-16 --outfilename Localizable.strings --outdir /Users/joshua/Library/Developer/Xcode/DerivedData/Quotable-feiosoqddtaaylftjupshbudqttq/Build/Intermediates.noindex/ArchiveIntermediates/Quotable/InstallationBuildProductsLocation/Applications/Quotable.app/Contents/Resources/zh.lproj -- /Users/joshua/Library/Developer/Xcode/DerivedData/Quotable-feiosoqddtaaylftjupshbudqttq/Build/Intermediates.noindex/ArchiveIntermediates/Quotable/IntermediateBuildFilesPath/Quotable.build/Release/Quotable.build/zh.lproj/Localizable.strings
/Users/joshua/Library/Developer/Xcode/DerivedData/Quotable-feiosoqddtaaylftjupshbudqttq/Build/Intermediates.noindex/ArchiveIntermediates/Quotable/IntermediateBuildFilesPath/Quotable.build/Release/Quotable.build/zh.lproj/Localizable.strings:1:1: note: detected encoding of input file as Unicode (UTF-8) (in target 'Quotable' from project 'Quotable')

CopyStringsFile /Users/joshua/Library/Developer/Xcode/DerivedData/Quotable-feiosoqddtaaylftjupshbudqttq/Build/Intermediates.noindex/ArchiveIntermediates/Quotable/InstallationBuildProductsLocation/Applications/Quotable.app/Contents/Resources/fr.lproj/Localizable.strings /Users/joshua/Library/Developer/Xcode/DerivedData/Quotable-feiosoqddtaaylftjupshbudqttq/Build/Intermediates.noindex/ArchiveIntermediates/Quotable/IntermediateBuildFilesPath/Quotable.build/Release/Quotable.build/fr.lproj/Localizable.strings (in target 'Quotable' from project 'Quotable')
    cd /Users/joshua/Documents/Code/quotestreak/macos
    builtin-copyStrings --validate --outputencoding UTF-16 --outfilename Localizable.strings --outdir /Users/joshua/Library/Developer/Xcode/DerivedData/Quotable-feiosoqddtaaylftjupshbudqttq/Build/Intermediates.noindex/ArchiveIntermediates/Quotable/InstallationBuildProductsLocation/Applications/Quotable.app/Contents/Resources/fr.lproj -- /Users/joshua/Library/Developer/Xcode/DerivedData/Quotable-feiosoqddtaaylftjupshbudqttq/Build/Intermediates.noindex/ArchiveIntermediates/Quotable/IntermediateBuildFilesPath/Quotable.build/Release/Quotable.build/fr.lproj/Localizable.strings
/Users/joshua/Library/Developer/Xcode/DerivedData/Quotable-feiosoqddtaaylftjupshbudqttq/Build/Intermediates.noindex/ArchiveIntermediates/Quotable/IntermediateBuildFilesPath/Quotable.build/Release/Quotable.build/fr.lproj/Localizable.strings:1:1: note: detected encoding of input file as Unicode (UTF-8) (in target 'Quotable' from project 'Quotable')

SwiftDriver Quotable normal arm64 com.apple.xcode.tools.swift.compiler (in target 'Quotable' from project 'Quotable')
    cd /Users/joshua/Documents/Code/quotestreak/macos
    builtin-SwiftDriver -- /Applications/Xcode.app/Contents/Developer/Toolchains/XcodeDefault.xctoolchain/usr/bin/swiftc -module-name Quotable -O -whole-module-optimization @/Users/joshua/Library/Developer/Xcode/DerivedData/Quotable-feiosoqddtaaylftjupshbudqttq/Build/Intermediates.noindex/ArchiveIntermediates/Quotable/IntermediateBuildFilesPath/Quotable.build/Release/Quotable.build/Objects-normal/arm64/Quotable.SwiftFileList -enable-bare-slash-regex -enable-experimental-feature DebugDescriptionMacro -sdk /Applications/Xcode.app/Contents/Developer/Platforms/MacOSX.platform/Developer/SDKs/MacOSX26.5.sdk -target arm64-apple-macos14.0 -g -module-cache-path /Users/joshua/Library/Developer/Xcode/DerivedData/ModuleCache.noindex -Xfrontend -serialize-debugging-options -swift-version 5 -I /Users/joshua/Library/Developer/Xcode/DerivedData/Quotable-feiosoqddtaaylftjupshbudqttq/Build/Intermediates.noindex/ArchiveIntermediates/Quotable/BuildProductsPath/Release -F /Users/joshua/Library/Developer/Xcode/DerivedData/Quotable-feiosoqddtaaylftjupshbudqttq/Build/Intermediates.noindex/ArchiveIntermediates/Quotable/BuildProductsPath/Release -c -num-threads 10 -Xcc -ivfsstatcache -Xcc /Users/joshua/Library/Developer/Xcode/DerivedData/SDKStatCaches.noindex/macosx26.5-25F70-e082c4a02f00227109f4ed75e425c832.sdkstatcache -output-file-map /Users/joshua/Library/Developer/Xcode/DerivedData/Quotable-feiosoqddtaaylftjupshbudqttq/Build/Intermediates.noindex/ArchiveIntermediates/Quotable/IntermediateBuildFilesPath/Quotable.build/Release/Quotable.build/Objects-normal/arm64/Quotable-OutputFileMap.json -use-frontend-parseable-output -save-temps -no-color-diagnostics -explicit-module-build -module-cache-path /Users/joshua/Library/Developer/Xcode/DerivedData/Quotable-feiosoqddtaaylftjupshbudqttq/Build/Intermediates.noindex/ArchiveIntermediates/Quotable/IntermediateBuildFilesPath/SwiftExplicitPrecompiledModules -clang-scanner-module-cache-path /Users/joshua/Library/Developer/Xcode/DerivedData/ModuleCache.noindex -sdk-module-cache-path /Users/joshua/Library/Developer/Xcode/DerivedData/ModuleCache.noindex -serialize-diagnostics -emit-dependencies -emit-module -emit-module-path /Users/joshua/Library/Developer/Xcode/DerivedData/Quotable-feiosoqddtaaylftjupshbudqttq/Build/Intermediates.noindex/ArchiveIntermediates/Quotable/IntermediateBuildFilesPath/Quotable.build/Release/Quotable.build/Objects-normal/arm64/Quotable.swiftmodule -validate-clang-modules-once -clang-build-session-file /Users/joshua/Library/Developer/Xcode/DerivedData/ModuleCache.noindex/Session.modulevalidation -Xcc -I/Users/joshua/Library/Developer/Xcode/DerivedData/Quotable-feiosoqddtaaylftjupshbudqttq/Build/Intermediates.noindex/ArchiveIntermediates/Quotable/IntermediateBuildFilesPath/Quotable.build/Release/Quotable.build/swift-overrides.hmap -emit-const-values -Xfrontend -const-gather-protocols-file -Xfrontend /Users/joshua/Library/Developer/Xcode/DerivedData/Quotable-feiosoqddtaaylftjupshbudqttq/Build/Intermediates.noindex/ArchiveIntermediates/Quotable/IntermediateBuildFilesPath/Quotable.build/Release/Quotable.build/Objects-normal/arm64/Quotable_const_extract_protocols.json -Xcc -iquote -Xcc /Users/joshua/Library/Developer/Xcode/DerivedData/Quotable-feiosoqddtaaylftjupshbudqttq/Build/Intermediates.noindex/ArchiveIntermediates/Quotable/IntermediateBuildFilesPath/Quotable.build/Release/Quotable.build/Quotable-generated-files.hmap -Xcc -I/Users/joshua/Library/Developer/Xcode/DerivedData/Quotable-feiosoqddtaaylftjupshbudqttq/Build/Intermediates.noindex/ArchiveIntermediates/Quotable/IntermediateBuildFilesPath/Quotable.build/Release/Quotable.build/Quotable-own-target-headers.hmap -Xcc -I/Users/joshua/Library/Developer/Xcode/DerivedData/Quotable-feiosoqddtaaylftjupshbudqttq/Build/Intermediates.noindex/ArchiveIntermediates/Quotable/IntermediateBuildFilesPath/Quotable.build/Release/Quotable.build/Quotable-all-target-headers.hmap -Xcc -iquote -Xcc /Users/joshua/Library/Developer/Xcode/DerivedData/Quotable-feiosoqddtaaylftjupshbudqttq/Build/Intermediates.noindex/ArchiveIntermediates/Quotable/IntermediateBuildFilesPath/Quotable.build/Release/Quotable.build/Quotable-project-headers.hmap -Xcc -I/Users/joshua/Library/Developer/Xcode/DerivedData/Quotable-feiosoqddtaaylftjupshbudqttq/Build/Intermediates.noindex/ArchiveIntermediates/Quotable/BuildProductsPath/Release/include -Xcc -I/Users/joshua/Library/Developer/Xcode/DerivedData/Quotable-feiosoqddtaaylftjupshbudqttq/Build/Intermediates.noindex/ArchiveIntermediates/Quotable/IntermediateBuildFilesPath/Quotable.build/Release/Quotable.build/DerivedSources-normal/arm64 -Xcc -I/Users/joshua/Library/Developer/Xcode/DerivedData/Quotable-feiosoqddtaaylftjupshbudqttq/Build/Intermediates.noindex/ArchiveIntermediates/Quotable/IntermediateBuildFilesPath/Quotable.build/Release/Quotable.build/DerivedSources/arm64 -Xcc -I/Users/joshua/Library/Developer/Xcode/DerivedData/Quotable-feiosoqddtaaylftjupshbudqttq/Build/Intermediates.noindex/ArchiveIntermediates/Quotable/IntermediateBuildFilesPath/Quotable.build/Release/Quotable.build/DerivedSources -emit-objc-header -emit-objc-header-path /Users/joshua/Library/Developer/Xcode/DerivedData/Quotable-feiosoqddtaaylftjupshbudqttq/Build/Intermediates.noindex/ArchiveIntermediates/Quotable/IntermediateBuildFilesPath/Quotable.build/Release/Quotable.build/Objects-normal/arm64/Quotable-Swift.h -working-directory /Users/joshua/Documents/Code/quotestreak/macos -no-emit-module-separately-wmo

SwiftDriver Quotable normal x86_64 com.apple.xcode.tools.swift.compiler (in target 'Quotable' from project 'Quotable')
    cd /Users/joshua/Documents/Code/quotestreak/macos
    builtin-SwiftDriver -- /Applications/Xcode.app/Contents/Developer/Toolchains/XcodeDefault.xctoolchain/usr/bin/swiftc -module-name Quotable -O -whole-module-optimization @/Users/joshua/Library/Developer/Xcode/DerivedData/Quotable-feiosoqddtaaylftjupshbudqttq/Build/Intermediates.noindex/ArchiveIntermediates/Quotable/IntermediateBuildFilesPath/Quotable.build/Release/Quotable.build/Objects-normal/x86_64/Quotable.SwiftFileList -enable-bare-slash-regex -enable-experimental-feature DebugDescriptionMacro -sdk /Applications/Xcode.app/Contents/Developer/Platforms/MacOSX.platform/Developer/SDKs/MacOSX26.5.sdk -target x86_64-apple-macos14.0 -g -module-cache-path /Users/joshua/Library/Developer/Xcode/DerivedData/ModuleCache.noindex -Xfrontend -serialize-debugging-options -swift-version 5 -I /Users/joshua/Library/Developer/Xcode/DerivedData/Quotable-feiosoqddtaaylftjupshbudqttq/Build/Intermediates.noindex/ArchiveIntermediates/Quotable/BuildProductsPath/Release -F /Users/joshua/Library/Developer/Xcode/DerivedData/Quotable-feiosoqddtaaylftjupshbudqttq/Build/Intermediates.noindex/ArchiveIntermediates/Quotable/BuildProductsPath/Release -c -num-threads 10 -Xcc -ivfsstatcache -Xcc /Users/joshua/Library/Developer/Xcode/DerivedData/SDKStatCaches.noindex/macosx26.5-25F70-e082c4a02f00227109f4ed75e425c832.sdkstatcache -output-file-map /Users/joshua/Library/Developer/Xcode/DerivedData/Quotable-feiosoqddtaaylftjupshbudqttq/Build/Intermediates.noindex/ArchiveIntermediates/Quotable/IntermediateBuildFilesPath/Quotable.build/Release/Quotable.build/Objects-normal/x86_64/Quotable-OutputFileMap.json -use-frontend-parseable-output -save-temps -no-color-diagnostics -explicit-module-build -module-cache-path /Users/joshua/Library/Developer/Xcode/DerivedData/Quotable-feiosoqddtaaylftjupshbudqttq/Build/Intermediates.noindex/ArchiveIntermediates/Quotable/IntermediateBuildFilesPath/SwiftExplicitPrecompiledModules -clang-scanner-module-cache-path /Users/joshua/Library/Developer/Xcode/DerivedData/ModuleCache.noindex -sdk-module-cache-path /Users/joshua/Library/Developer/Xcode/DerivedData/ModuleCache.noindex -serialize-diagnostics -emit-dependencies -emit-module -emit-module-path /Users/joshua/Library/Developer/Xcode/DerivedData/Quotable-feiosoqddtaaylftjupshbudqttq/Build/Intermediates.noindex/ArchiveIntermediates/Quotable/IntermediateBuildFilesPath/Quotable.build/Release/Quotable.build/Objects-normal/x86_64/Quotable.swiftmodule -validate-clang-modules-once -clang-build-session-file /Users/joshua/Library/Developer/Xcode/DerivedData/ModuleCache.noindex/Session.modulevalidation -Xcc -I/Users/joshua/Library/Developer/Xcode/DerivedData/Quotable-feiosoqddtaaylftjupshbudqttq/Build/Intermediates.noindex/ArchiveIntermediates/Quotable/IntermediateBuildFilesPath/Quotable.build/Release/Quotable.build/swift-overrides.hmap -emit-const-values -Xfrontend -const-gather-protocols-file -Xfrontend /Users/joshua/Library/Developer/Xcode/DerivedData/Quotable-feiosoqddtaaylftjupshbudqttq/Build/Intermediates.noindex/ArchiveIntermediates/Quotable/IntermediateBuildFilesPath/Quotable.build/Release/Quotable.build/Objects-normal/x86_64/Quotable_const_extract_protocols.json -Xcc -iquote -Xcc /Users/joshua/Library/Developer/Xcode/DerivedData/Quotable-feiosoqddtaaylftjupshbudqttq/Build/Intermediates.noindex/ArchiveIntermediates/Quotable/IntermediateBuildFilesPath/Quotable.build/Release/Quotable.build/Quotable-generated-files.hmap -Xcc -I/Users/joshua/Library/Developer/Xcode/DerivedData/Quotable-feiosoqddtaaylftjupshbudqttq/Build/Intermediates.noindex/ArchiveIntermediates/Quotable/IntermediateBuildFilesPath/Quotable.build/Release/Quotable.build/Quotable-own-target-headers.hmap -Xcc -I/Users/joshua/Library/Developer/Xcode/DerivedData/Quotable-feiosoqddtaaylftjupshbudqttq/Build/Intermediates.noindex/ArchiveIntermediates/Quotable/IntermediateBuildFilesPath/Quotable.build/Release/Quotable.build/Quotable-all-target-headers.hmap -Xcc -iquote -Xcc /Users/joshua/Library/Developer/Xcode/DerivedData/Quotable-feiosoqddtaaylftjupshbudqttq/Build/Intermediates.noindex/ArchiveIntermediates/Quotable/IntermediateBuildFilesPath/Quotable.build/Release/Quotable.build/Quotable-project-headers.hmap -Xcc -I/Users/joshua/Library/Developer/Xcode/DerivedData/Quotable-feiosoqddtaaylftjupshbudqttq/Build/Intermediates.noindex/ArchiveIntermediates/Quotable/BuildProductsPath/Release/include -Xcc -I/Users/joshua/Library/Developer/Xcode/DerivedData/Quotable-feiosoqddtaaylftjupshbudqttq/Build/Intermediates.noindex/ArchiveIntermediates/Quotable/IntermediateBuildFilesPath/Quotable.build/Release/Quotable.build/DerivedSources-normal/x86_64 -Xcc -I/Users/joshua/Library/Developer/Xcode/DerivedData/Quotable-feiosoqddtaaylftjupshbudqttq/Build/Intermediates.noindex/ArchiveIntermediates/Quotable/IntermediateBuildFilesPath/Quotable.build/Release/Quotable.build/DerivedSources/x86_64 -Xcc -I/Users/joshua/Library/Developer/Xcode/DerivedData/Quotable-feiosoqddtaaylftjupshbudqttq/Build/Intermediates.noindex/ArchiveIntermediates/Quotable/IntermediateBuildFilesPath/Quotable.build/Release/Quotable.build/DerivedSources -emit-objc-header -emit-objc-header-path /Users/joshua/Library/Developer/Xcode/DerivedData/Quotable-feiosoqddtaaylftjupshbudqttq/Build/Intermediates.noindex/ArchiveIntermediates/Quotable/IntermediateBuildFilesPath/Quotable.build/Release/Quotable.build/Objects-normal/x86_64/Quotable-Swift.h -working-directory /Users/joshua/Documents/Code/quotestreak/macos -no-emit-module-separately-wmo

SwiftDriver\ Compilation Quotable normal arm64 com.apple.xcode.tools.swift.compiler (in target 'Quotable' from project 'Quotable')
    cd /Users/joshua/Documents/Code/quotestreak/macos
    builtin-Swift-Compilation -- /Applications/Xcode.app/Contents/Developer/Toolchains/XcodeDefault.xctoolchain/usr/bin/swiftc -module-name Quotable -O -whole-module-optimization @/Users/joshua/Library/Developer/Xcode/DerivedData/Quotable-feiosoqddtaaylftjupshbudqttq/Build/Intermediates.noindex/ArchiveIntermediates/Quotable/IntermediateBuildFilesPath/Quotable.build/Release/Quotable.build/Objects-normal/arm64/Quotable.SwiftFileList -enable-bare-slash-regex -enable-experimental-feature DebugDescriptionMacro -sdk /Applications/Xcode.app/Contents/Developer/Platforms/MacOSX.platform/Developer/SDKs/MacOSX26.5.sdk -target arm64-apple-macos14.0 -g -module-cache-path /Users/joshua/Library/Developer/Xcode/DerivedData/ModuleCache.noindex -Xfrontend -serialize-debugging-options -swift-version 5 -I /Users/joshua/Library/Developer/Xcode/DerivedData/Quotable-feiosoqddtaaylftjupshbudqttq/Build/Intermediates.noindex/ArchiveIntermediates/Quotable/BuildProductsPath/Release -F /Users/joshua/Library/Developer/Xcode/DerivedData/Quotable-feiosoqddtaaylftjupshbudqttq/Build/Intermediates.noindex/ArchiveIntermediates/Quotable/BuildProductsPath/Release -c -num-threads 10 -Xcc -ivfsstatcache -Xcc /Users/joshua/Library/Developer/Xcode/DerivedData/SDKStatCaches.noindex/macosx26.5-25F70-e082c4a02f00227109f4ed75e425c832.sdkstatcache -output-file-map /Users/joshua/Library/Developer/Xcode/DerivedData/Quotable-feiosoqddtaaylftjupshbudqttq/Build/Intermediates.noindex/ArchiveIntermediates/Quotable/IntermediateBuildFilesPath/Quotable.build/Release/Quotable.build/Objects-normal/arm64/Quotable-OutputFileMap.json -use-frontend-parseable-output -save-temps -no-color-diagnostics -explicit-module-build -module-cache-path /Users/joshua/Library/Developer/Xcode/DerivedData/Quotable-feiosoqddtaaylftjupshbudqttq/Build/Intermediates.noindex/ArchiveIntermediates/Quotable/IntermediateBuildFilesPath/SwiftExplicitPrecompiledModules -clang-scanner-module-cache-path /Users/joshua/Library/Developer/Xcode/DerivedData/ModuleCache.noindex -sdk-module-cache-path /Users/joshua/Library/Developer/Xcode/DerivedData/ModuleCache.noindex -serialize-diagnostics -emit-dependencies -emit-module -emit-module-path /Users/joshua/Library/Developer/Xcode/DerivedData/Quotable-feiosoqddtaaylftjupshbudqttq/Build/Intermediates.noindex/ArchiveIntermediates/Quotable/IntermediateBuildFilesPath/Quotable.build/Release/Quotable.build/Objects-normal/arm64/Quotable.swiftmodule -validate-clang-modules-once -clang-build-session-file /Users/joshua/Library/Developer/Xcode/DerivedData/ModuleCache.noindex/Session.modulevalidation -Xcc -I/Users/joshua/Library/Developer/Xcode/DerivedData/Quotable-feiosoqddtaaylftjupshbudqttq/Build/Intermediates.noindex/ArchiveIntermediates/Quotable/IntermediateBuildFilesPath/Quotable.build/Release/Quotable.build/swift-overrides.hmap -emit-const-values -Xfrontend -const-gather-protocols-file -Xfrontend /Users/joshua/Library/Developer/Xcode/DerivedData/Quotable-feiosoqddtaaylftjupshbudqttq/Build/Intermediates.noindex/ArchiveIntermediates/Quotable/IntermediateBuildFilesPath/Quotable.build/Release/Quotable.build/Objects-normal/arm64/Quotable_const_extract_protocols.json -Xcc -iquote -Xcc /Users/joshua/Library/Developer/Xcode/DerivedData/Quotable-feiosoqddtaaylftjupshbudqttq/Build/Intermediates.noindex/ArchiveIntermediates/Quotable/IntermediateBuildFilesPath/Quotable.build/Release/Quotable.build/Quotable-generated-files.hmap -Xcc -I/Users/joshua/Library/Developer/Xcode/DerivedData/Quotable-feiosoqddtaaylftjupshbudqttq/Build/Intermediates.noindex/ArchiveIntermediates/Quotable/IntermediateBuildFilesPath/Quotable.build/Release/Quotable.build/Quotable-own-target-headers.hmap -Xcc -I/Users/joshua/Library/Developer/Xcode/DerivedData/Quotable-feiosoqddtaaylftjupshbudqttq/Build/Intermediates.noindex/ArchiveIntermediates/Quotable/IntermediateBuildFilesPath/Quotable.build/Release/Quotable.build/Quotable-all-target-headers.hmap -Xcc -iquote -Xcc /Users/joshua/Library/Developer/Xcode/DerivedData/Quotable-feiosoqddtaaylftjupshbudqttq/Build/Intermediates.noindex/ArchiveIntermediates/Quotable/IntermediateBuildFilesPath/Quotable.build/Release/Quotable.build/Quotable-project-headers.hmap -Xcc -I/Users/joshua/Library/Developer/Xcode/DerivedData/Quotable-feiosoqddtaaylftjupshbudqttq/Build/Intermediates.noindex/ArchiveIntermediates/Quotable/BuildProductsPath/Release/include -Xcc -I/Users/joshua/Library/Developer/Xcode/DerivedData/Quotable-feiosoqddtaaylftjupshbudqttq/Build/Intermediates.noindex/ArchiveIntermediates/Quotable/IntermediateBuildFilesPath/Quotable.build/Release/Quotable.build/DerivedSources-normal/arm64 -Xcc -I/Users/joshua/Library/Developer/Xcode/DerivedData/Quotable-feiosoqddtaaylftjupshbudqttq/Build/Intermediates.noindex/ArchiveIntermediates/Quotable/IntermediateBuildFilesPath/Quotable.build/Release/Quotable.build/DerivedSources/arm64 -Xcc -I/Users/joshua/Library/Developer/Xcode/DerivedData/Quotable-feiosoqddtaaylftjupshbudqttq/Build/Intermediates.noindex/ArchiveIntermediates/Quotable/IntermediateBuildFilesPath/Quotable.build/Release/Quotable.build/DerivedSources -emit-objc-header -emit-objc-header-path /Users/joshua/Library/Developer/Xcode/DerivedData/Quotable-feiosoqddtaaylftjupshbudqttq/Build/Intermediates.noindex/ArchiveIntermediates/Quotable/IntermediateBuildFilesPath/Quotable.build/Release/Quotable.build/Objects-normal/arm64/Quotable-Swift.h -working-directory /Users/joshua/Documents/Code/quotestreak/macos -no-emit-module-separately-wmo

SwiftCompile normal arm64 Compiling\ ContentView.swift,\ Game.swift,\ QuotableApp.swift,\ Quote.swift,\ SharedStore.swift,\ Sound.swift,\ Theme.swift,\ GeneratedAssetSymbols.swift /Users/joshua/Documents/Code/quotestreak/ios/Quotable/ContentView.swift /Users/joshua/Documents/Code/quotestreak/ios/Quotable/Game.swift /Users/joshua/Documents/Code/quotestreak/macos/Quotable/QuotableApp.swift /Users/joshua/Documents/Code/quotestreak/ios/Quotable/Quote.swift /Users/joshua/Documents/Code/quotestreak/ios/Quotable/SharedStore.swift /Users/joshua/Documents/Code/quotestreak/ios/Quotable/Sound.swift /Users/joshua/Documents/Code/quotestreak/ios/Quotable/Theme.swift /Users/joshua/Library/Developer/Xcode/DerivedData/Quotable-feiosoqddtaaylftjupshbudqttq/Build/Intermediates.noindex/ArchiveIntermediates/Quotable/IntermediateBuildFilesPath/Quotable.build/Release/Quotable.build/DerivedSources/GeneratedAssetSymbols.swift /Applications/Xcode.app/Contents/Developer/Toolchains/XcodeDefault.xctoolchain/usr/lib/swift/macosx/prebuilt-modules/26.5/Darwin.swiftmodule/arm64e-apple-macos.swiftmodule /Applications/Xcode.app/Contents/Developer/Toolchains/XcodeDefault.xctoolchain/usr/lib/swift/macosx/prebuilt-modules/26.5/AppKit.swiftmodule/arm64e-apple-macos.swiftmodule /Applications/Xcode.app/Contents/Developer/Toolchains/XcodeDefault.xctoolchain/usr/lib/swift/macosx/prebuilt-modules/26.5/XPC.swiftmodule/arm64e-apple-macos.swiftmodule /Applications/Xcode.app/Contents/Developer/Toolchains/XcodeDefault.xctoolchain/usr/lib/swift/macosx/prebuilt-modules/26.5/Accessibility.swiftmodule/arm64e-apple-macos.swiftmodule /Applications/Xcode.app/Contents/Developer/Toolchains/XcodeDefault.xctoolchain/usr/lib/swift/macosx/prebuilt-modules/26.5/_Concurrency.swiftmodule/arm64e-apple-macos.swiftmodule /Applications/Xcode.app/Contents/Developer/Toolchains/XcodeDefault.xctoolchain/usr/lib/swift/macosx/prebuilt-modules/26.5/CoreMIDI.swiftmodule/arm64e-apple-macos.swiftmodule /Applications/Xcode.app/Contents/Developer/Toolchains/XcodeDefault.xctoolchain/usr/lib/swift/macosx/prebuilt-modules/26.5/_Builtin_float.swiftmodule/arm64e-apple-macos.swiftmodule /Applications/Xcode.app/Contents/Developer/Toolchains/XcodeDefault.xctoolchain/usr/lib/swift/macosx/prebuilt-modules/26.5/simd.swiftmodule/arm64e-apple-macos.swiftmodule /Applications/Xcode.app/Contents/Developer/Toolchains/XcodeDefault.xctoolchain/usr/lib/swift/macosx/prebuilt-modules/26.5/DeveloperToolsSupport.swiftmodule/arm64e-apple-macos.swiftmodule /Applications/Xcode.app/Contents/Developer/Toolchains/XcodeDefault.xctoolchain/usr/lib/swift/macosx/prebuilt-modules/26.5/_DarwinFoundation2.swiftmodule/arm64e-apple-macos.swiftmodule /Applications/Xcode.app/Contents/Developer/Toolchains/XcodeDefault.xctoolchain/usr/lib/swift/macosx/prebuilt-modules/26.5/Observation.swiftmodule/arm64e-apple-macos.swiftmodule /Applications/Xcode.app/Contents/Developer/Toolchains/XcodeDefault.xctoolchain/usr/lib/swift/macosx/prebuilt-modules/26.5/CoreAudio.swiftmodule/arm64e-apple-macos.swiftmodule /Applications/Xcode.app/Contents/Developer/Toolchains/XcodeDefault.xctoolchain/usr/lib/swift/macosx/prebuilt-modules/26.5/UniformTypeIdentifiers.swiftmodule/arm64e-apple-macos.swiftmodule /Applications/Xcode.app/Contents/Developer/Toolchains/XcodeDefault.xctoolchain/usr/lib/swift/macosx/prebuilt-modules/26.5/Synchronization.swiftmodule/arm64e-apple-macos.swiftmodule /Applications/Xcode.app/Contents/Developer/Toolchains/XcodeDefault.xctoolchain/usr/lib/swift/macosx/prebuilt-modules/26.5/CoreMedia.swiftmodule/arm64e-apple-macos.swiftmodule /Applications/Xcode.app/Contents/Developer/Toolchains/XcodeDefault.xctoolchain/usr/lib/swift/macosx/prebuilt-modules/26.5/Dispatch.swiftmodule/arm64e-apple-macos.swiftmodule /Applications/Xcode.app/Contents/Developer/Toolchains/XcodeDefault.xctoolchain/usr/lib/swift/macosx/prebuilt-modules/26.5/CoreVideo.swiftmodule/arm64e-apple-macos.swiftmodule /Applications/Xcode.app/Contents/Developer/Toolchains/XcodeDefault.xctoolchain/usr/lib/swift/macosx/prebuilt-modules/26.5/Spatial.swiftmodule/arm64e-apple-macos.swiftmodule /Applications/Xcode.app/Contents/Developer/Toolchains/XcodeDefault.xctoolchain/usr/lib/swift/macosx/prebuilt-modules/26.5/IOKit.swiftmodule/arm64e-apple-macos.swiftmodule /Applications/Xcode.app/Contents/Developer/Toolchains/XcodeDefault.xctoolchain/usr/lib/swift/macosx/prebuilt-modules/26.5/Combine.swiftmodule/arm64e-apple-macos.swiftmodule /Applications/Xcode.app/Contents/Developer/Toolchains/XcodeDefault.xctoolchain/usr/lib/swift/macosx/prebuilt-modules/26.5/OSLog.swiftmodule/arm64e-apple-macos.swiftmodule /Applications/Xcode.app/Contents/Developer/Toolchains/XcodeDefault.xctoolchain/usr/lib/swift/macosx/prebuilt-modules/26.5/SwiftUICore.swiftmodule/arm64e-apple-macos.swiftmodule /Applications/Xcode.app/Contents/Developer/Toolchains/XcodeDefault.xctoolchain/usr/lib/swift/macosx/prebuilt-modules/26.5/AVFAudio.swiftmodule/arm64e-apple-macos.swiftmodule /Applications/Xcode.app/Contents/Developer/Toolchains/XcodeDefault.xctoolchain/usr/lib/swift/macosx/prebuilt-modules/26.5/Symbols.swiftmodule/arm64e-apple-macos.swiftmodule /Applications/Xcode.app/Contents/Developer/Toolchains/XcodeDefault.xctoolchain/usr/lib/swift/macosx/prebuilt-modules/26.5/ObjectiveC.swiftmodule/arm64e-apple-macos.swiftmodule /Applications/Xcode.app/Contents/Developer/Toolchains/XcodeDefault.xctoolchain/usr/lib/swift/macosx/prebuilt-modules/26.5/CoreImage.swiftmodule/arm64e-apple-macos.swiftmodule /Applications/Xcode.app/Contents/Developer/Toolchains/XcodeDefault.xctoolchain/usr/lib/swift/macosx/prebuilt-modules/26.5/_DarwinFoundation3.swiftmodule/arm64e-apple-macos.swiftmodule /Applications/Xcode.app/Contents/Developer/Toolchains/XcodeDefault.xctoolchain/usr/lib/swift/macosx/prebuilt-modules/26.5/CoreFoundation.swiftmodule/arm64e-apple-macos.swiftmodule /Applications/Xcode.app/Contents/Developer/Toolchains/XcodeDefault.xctoolchain/usr/lib/swift/macosx/prebuilt-modules/26.5/Foundation.swiftmodule/arm64e-apple-macos.swiftmodule /Applications/Xcode.app/Contents/Developer/Toolchains/XcodeDefault.xctoolchain/usr/lib/swift/macosx/prebuilt-modules/26.5/_DarwinFoundation1.swiftmodule/arm64e-apple-macos.swiftmodule /Applications/Xcode.app/Contents/Developer/Toolchains/XcodeDefault.xctoolchain/usr/lib/swift/macosx/prebuilt-modules/26.5/CoreGraphics.swiftmodule/arm64e-apple-macos.swiftmodule /Applications/Xcode.app/Contents/Developer/Toolchains/XcodeDefault.xctoolchain/usr/lib/swift/macosx/prebuilt-modules/26.5/AudioToolbox.swiftmodule/arm64e-apple-macos.swiftmodule /Applications/Xcode.app/Contents/Developer/Toolchains/XcodeDefault.xctoolchain/usr/lib/swift/macosx/prebuilt-modules/26.5/_StringProcessing.swiftmodule/arm64e-apple-macos.swiftmodule /Applications/Xcode.app/Contents/Developer/Toolchains/XcodeDefault.xctoolchain/usr/lib/swift/macosx/prebuilt-modules/26.5/SwiftUI.swiftmodule/arm64e-apple-macos.swiftmodule /Applications/Xcode.app/Contents/Developer/Toolchains/XcodeDefault.xctoolchain/usr/lib/swift/macosx/prebuilt-modules/26.5/Metal.swiftmodule/arm64e-apple-macos.swiftmodule /Applications/Xcode.app/Contents/Developer/Toolchains/XcodeDefault.xctoolchain/usr/lib/swift/macosx/prebuilt-modules/26.5/QuartzCore.swiftmodule/arm64e-apple-macos.swiftmodule /Applications/Xcode.app/Contents/Developer/Toolchains/XcodeDefault.xctoolchain/usr/lib/swift/macosx/prebuilt-modules/26.5/os.swiftmodule/arm64e-apple-macos.swiftmodule /Applications/Xcode.app/Contents/Developer/Toolchains/XcodeDefault.xctoolchain/usr/lib/swift/macosx/prebuilt-modules/26.5/DataDetection.swiftmodule/arm64e-apple-macos.swiftmodule /Applications/Xcode.app/Contents/Developer/Toolchains/XcodeDefault.xctoolchain/usr/lib/swift/macosx/prebuilt-modules/26.5/CoreText.swiftmodule/arm64e-apple-macos.swiftmodule /Applications/Xcode.app/Contents/Developer/Toolchains/XcodeDefault.xctoolchain/usr/lib/swift/macosx/prebuilt-modules/26.5/CoreData.swiftmodule/arm64e-apple-macos.swiftmodule /Applications/Xcode.app/Contents/Developer/Toolchains/XcodeDefault.xctoolchain/usr/lib/swift/macosx/prebuilt-modules/26.5/Swift.swiftmodule/arm64e-apple-macos.swiftmodule /Applications/Xcode.app/Contents/Developer/Toolchains/XcodeDefault.xctoolchain/usr/lib/swift/macosx/prebuilt-modules/26.5/CoreTransferable.swiftmodule/arm64e-apple-macos.swiftmodule /Applications/Xcode.app/Contents/Developer/Toolchains/XcodeDefault.xctoolchain/usr/lib/swift/macosx/prebuilt-modules/26.5/System.swiftmodule/arm64e-apple-macos.swiftmodule /Applications/Xcode.app/Contents/Developer/Toolchains/XcodeDefault.xctoolchain/usr/lib/swift/macosx/prebuilt-modules/26.5/AVFoundation.swiftmodule/arm64e-apple-macos.swiftmodule /Users/joshua/Library/Developer/Xcode/DerivedData/ModuleCache.noindex/_Builtin_float-2CK61F33KOD516PZ9K5OS8C8H.pcm /Users/joshua/Library/Developer/Xcode/DerivedData/ModuleCache.noindex/CoreServices-46DGXCKDMVSBD5TVISIT5H63V.pcm /Users/joshua/Library/Developer/Xcode/DerivedData/ModuleCache.noindex/CoreMIDI-2XGHN0REJ21GA6IOE0UUUR68B.pcm /Users/joshua/Library/Developer/Xcode/DerivedData/ModuleCache.noindex/ColorSync-75QY9HNVA5RP6T11VGYRDFV2Q.pcm /Users/joshua/Library/Developer/Xcode/DerivedData/ModuleCache.noindex/_SwiftConcurrencyShims-84UNYTYNOYB5OIE0YUYL2WN46.pcm /Users/joshua/Library/Developer/Xcode/DerivedData/ModuleCache.noindex/MachO-1JHR1RC12M5NWBB35O9IL7HOB.pcm /Users/joshua/Library/Developer/Xcode/DerivedData/ModuleCache.noindex/QuartzCore-516MX8LCMOY0P5C3UONWE9VRM.pcm /Users/joshua/Library/Developer/Xcode/DerivedData/ModuleCache.noindex/Darwin-6W914YV01LOB57BM0RR5DWNZP.pcm /Users/joshua/Library/Developer/Xcode/DerivedData/ModuleCache.noindex/IOSurface-8HD91KKXFH6HNWLNLNFPPJP96.pcm /Users/joshua/Library/Developer/Xcode/DerivedData/ModuleCache.noindex/SwiftShims-DN1BK0LSY5DSZB988OV7RSOQF.pcm /Users/joshua/Library/Developer/Xcode/DerivedData/ModuleCache.noindex/launch-6QYUV41Q97EC3K8MBEX01WV44.pcm /Users/joshua/Library/Developer/Xcode/DerivedData/ModuleCache.noindex/_DarwinFoundation3-880O2AZ2OP14K7PGY5QNZFC9.pcm /Users/joshua/Library/Developer/Xcode/DerivedData/ModuleCache.noindex/CoreData-85Q70VQT5UJDN4XP8E7OK7N7Q.pcm /Users/joshua/Library/Developer/Xcode/DerivedData/ModuleCache.noindex/libkern-3E32Y03W5J1FGE4M2DCE3D4BC.pcm /Users/joshua/Library/Developer/Xcode/DerivedData/ModuleCache.noindex/ObjectiveC-3TEVNQO5VSJRXYY5YFVGM0ATO.pcm /Users/joshua/Library/Developer/Xcode/DerivedData/ModuleCache.noindex/Dispatch-EFKYKIOO0SPL1Z24EFJ6BGNA4.pcm /Users/joshua/Library/Developer/Xcode/DerivedData/ModuleCache.noindex/_Builtin_tgmath-99BGS8DE91BXJ4ZU24VD0K7XC.pcm /Users/joshua/Library/Developer/Xcode/DerivedData/ModuleCache.noindex/CUPS-C8AML9JQ5OFNPGWTJ6BXJXC17.pcm /Users/joshua/Library/Developer/Xcode/DerivedData/ModuleCache.noindex/OpenGL-DG0QH0AS735AGAIKW8ZGYHOFN.pcm /Users/joshua/Library/Developer/Xcode/DerivedData/ModuleCache.noindex/XPC-46YF8EL4G7EUMAFXJP9TBWJ6V.pcm /Users/joshua/Library/Developer/Xcode/DerivedData/ModuleCache.noindex/DiskArbitration-EN2VOR695QIHR9VDWCLVT7TZS.pcm /Users/joshua/Library/Developer/Xcode/DerivedData/ModuleCache.noindex/_DarwinFoundation2-EAA0NX9THS0PR552TTK12DOS4.pcm /Users/joshua/Library/Developer/Xcode/DerivedData/ModuleCache.noindex/_Builtin_stddef-BI8NCDTPATYS2YFI3A01FXS05.pcm /Users/joshua/Library/Developer/Xcode/DerivedData/ModuleCache.noindex/CoreVideo-3PJBGMW3UN4IJ704OAQD6A98W.pcm /Users/joshua/Library/Developer/Xcode/DerivedData/ModuleCache.noindex/_DarwinFoundation1-AUFT35YVDKNX9W6A77EMJCOA6.pcm /Users/joshua/Library/Developer/Xcode/DerivedData/ModuleCache.noindex/os-AGKC4WLFG9JNQALPVEXBYGYG7.pcm /Users/joshua/Library/Developer/Xcode/DerivedData/ModuleCache.noindex/CoreGraphics-8BQO9K49AOPQO7L9JXNK6SC57.pcm /Users/joshua/Library/Developer/Xcode/DerivedData/ModuleCache.noindex/CoreTransferable-E4RI4IDDRTKY2ZIGMFRRZSSA2.pcm /Users/joshua/Library/Developer/Xcode/DerivedData/ModuleCache.noindex/IOKit-88WAK227P1EYQDNKH7H2H6JNS.pcm /Users/joshua/Library/Developer/Xcode/DerivedData/ModuleCache.noindex/CoreImage-3A8JEWPH0MNC654NF2QN1AQHG.pcm /Users/joshua/Library/Developer/Xcode/DerivedData/ModuleCache.noindex/DataDetection-4QZCMCDE95KP1Q6RCSNR2JN5A.pcm /Users/joshua/Library/Developer/Xcode/DerivedData/ModuleCache.noindex/AppKit-86NQI6PB661KDKTFQ2QV0KEHR.pcm /Users/joshua/Library/Developer/Xcode/DerivedData/ModuleCache.noindex/CoreText-6L6CYFALNBX42MAE8ZOM5K57Z.pcm /Users/joshua/Library/Developer/Xcode/DerivedData/ModuleCache.noindex/CoreAudioTypes-641O7DUEYFI96QS9XL0NG8GJI.pcm /Users/joshua/Library/Developer/Xcode/DerivedData/ModuleCache.noindex/SwiftUI-6AKDJPW9A4B9PCXXQWS9VOIM8.pcm /Users/joshua/Library/Developer/Xcode/DerivedData/ModuleCache.noindex/ptrcheck-8NWKNFE60B4PKBRL4YSPE62TQ.pcm /Users/joshua/Library/Developer/Xcode/DerivedData/ModuleCache.noindex/simd-CUSWZFOLN0Q29A3VKMJ6KQMF5.pcm /Users/joshua/Library/Developer/Xcode/DerivedData/ModuleCache.noindex/CoreMedia-QU61H5F29CK20XMS09DBS6BF.pcm /Users/joshua/Library/Developer/Xcode/DerivedData/ModuleCache.noindex/Metal-EVQ2IIJM8TN6SWCDTSKEALYLE.pcm /Users/joshua/Library/Developer/Xcode/DerivedData/ModuleCache.noindex/Security-DIYYZTUJRFXGSUXWXXLUGX77W.pcm /Users/joshua/Library/Developer/Xcode/DerivedData/ModuleCache.noindex/CFNetwork-1DVYRE7R4NA07IOAOMTHJB5ZO.pcm /Users/joshua/Library/Developer/Xcode/DerivedData/ModuleCache.noindex/ptrauth-CPSE7CX9K6WFSBF6U7FI5531E.pcm /Users/joshua/Library/Developer/Xcode/DerivedData/ModuleCache.noindex/_Builtin_inttypes-BBKHKFDBAOUU481ULTJ1FIBWR.pcm /Users/joshua/Library/Developer/Xcode/DerivedData/ModuleCache.noindex/_AvailabilityInternal-7CDRG1BVL3DP9O86H925EL7UD.pcm /Users/joshua/Library/Developer/Xcode/DerivedData/ModuleCache.noindex/_Builtin_stdarg-6N0Z2K46G5COSDE16F7APU8JO.pcm /Users/joshua/Library/Developer/Xcode/DerivedData/ModuleCache.noindex/Foundation-2QGIPVF3SYBBDJ7LDWTM4XPL2.pcm /Users/joshua/Library/Developer/Xcode/DerivedData/ModuleCache.noindex/UniformTypeIdentifiers-8AZX8PDHJYWNPDOF2J2HTE7II.pcm /Users/joshua/Library/Developer/Xcode/DerivedData/ModuleCache.noindex/_Builtin_intrinsics-CJSTOVZ35MB0D9RSHKL3UB5RW.pcm /Users/joshua/Library/Developer/Xcode/DerivedData/ModuleCache.noindex/sys_types-3R8WGV7LG6ZA5N7VECJK6H8MP.pcm /Users/joshua/Library/Developer/Xcode/DerivedData/ModuleCache.noindex/_Builtin_stdatomic-8SDT9XB8TCNOHD6A9TEBN0A94.pcm /Users/joshua/Library/Developer/Xcode/DerivedData/ModuleCache.noindex/SwiftUICore-TNRMXUWGH06LIF6VOAL7M1QF.pcm /Users/joshua/Library/Developer/Xcode/DerivedData/ModuleCache.noindex/os_object-4AW6OI33RKVHN7S8HDL74HHYU.pcm /Users/joshua/Library/Developer/Xcode/DerivedData/ModuleCache.noindex/CoreAudio-COB79TKCTRLCO2T4KSKWJT9L5.pcm /Users/joshua/Library/Developer/Xcode/DerivedData/ModuleCache.noindex/Carbon-DZGHWE3K4NYDVZUAN9YG5CJL7.pcm /Users/joshua/Library/Developer/Xcode/DerivedData/ModuleCache.noindex/ApplicationServices-4DWIE15MRWYV1KVKXIWHDP4NQ.pcm /Users/joshua/Library/Developer/Xcode/DerivedData/ModuleCache.noindex/Symbols-C3GR3JP9DEJPKOJ2BENP1ATY8.pcm /Users/joshua/Library/Developer/Xcode/DerivedData/ModuleCache.noindex/_Builtin_limits-E7SBTFE5RNH3UOJ6GTXQ6V4X.pcm /Users/joshua/Library/Developer/Xcode/DerivedData/ModuleCache.noindex/AudioToolbox-AOZQTDLFSBLRC1VY2BDDVZWLC.pcm /Users/joshua/Library/Developer/Xcode/DerivedData/ModuleCache.noindex/os_workgroup-9L5YMWOXEAEJLFNQBXOFRSL3Y.pcm /Users/joshua/Library/Developer/Xcode/DerivedData/ModuleCache.noindex/Spatial-2F02ABL49UDFK0I2PASPGH9L7.pcm /Users/joshua/Library/Developer/Xcode/DerivedData/ModuleCache.noindex/MediaToolbox-92HQ693I3C32X4L38GFOQ8QAH.pcm /Users/joshua/Library/Developer/Xcode/DerivedData/ModuleCache.noindex/_Builtin_stdint-DP2Y0A5OCTEZK2F0NBT89H3TP.pcm /Users/joshua/Library/Developer/Xcode/DerivedData/ModuleCache.noindex/Accessibility-DDDT2A1NKVMIOS0MTOHG1E5Q0.pcm /Users/joshua/Library/Developer/Xcode/DerivedData/ModuleCache.noindex/DeveloperToolsSupport-2OO2UBU0LEDBFWS2MD4BXA3XD.pcm /Users/joshua/Library/Developer/Xcode/DerivedData/ModuleCache.noindex/ImageIO-AOUO2JYINJKAV1GDYWHMS2EBF.pcm /Users/joshua/Library/Developer/Xcode/DerivedData/ModuleCache.noindex/_Builtin_stdbool-CYTQK5O2SUHFCEEIAIZPQHCMU.pcm /Users/joshua/Library/Developer/Xcode/DerivedData/ModuleCache.noindex/libDER-6Q900P97WBU0F593DAQWM8ZJ0.pcm /Users/joshua/Library/Developer/Xcode/DerivedData/ModuleCache.noindex/AVFoundation-2STP7DUH6K4B6ZC9V7DQY86GF.pcm /Users/joshua/Library/Developer/Xcode/DerivedData/ModuleCache.noindex/OSLog-BC34AD9PK8EHTBR94F69CW0KC.pcm /Users/joshua/Library/Developer/Xcode/DerivedData/ModuleCache.noindex/AVFAudio-1NEYCOIWVPG2HACT74UM8RC4.pcm /Users/joshua/Library/Developer/Xcode/DerivedData/ModuleCache.noindex/CoreFoundation-CA3ILA1Q2ZFFZJYV8EDRKPJ0V.pcm /Users/joshua/Library/Developer/Xcode/DerivedData/Quotable-feiosoqddtaaylftjupshbudqttq/Build/Intermediates.noindex/ArchiveIntermediates/Quotable/IntermediateBuildFilesPath/Quotable.build/Release/Quotable.build/Objects-normal/arm64/Quotable-dependencies-2.json (in target 'Quotable' from project 'Quotable')
CompileSwift normal arm64 (in target 'Quotable' from project 'Quotable')
    cd /Users/joshua/Documents/Code/quotestreak/macos
    

SwiftCompile normal x86_64 Compiling\ ContentView.swift,\ Game.swift,\ QuotableApp.swift,\ Quote.swift,\ SharedStore.swift,\ Sound.swift,\ Theme.swift,\ GeneratedAssetSymbols.swift /Users/joshua/Documents/Code/quotestreak/ios/Quotable/ContentView.swift /Users/joshua/Documents/Code/quotestreak/ios/Quotable/Game.swift /Users/joshua/Documents/Code/quotestreak/macos/Quotable/QuotableApp.swift /Users/joshua/Documents/Code/quotestreak/ios/Quotable/Quote.swift /Users/joshua/Documents/Code/quotestreak/ios/Quotable/SharedStore.swift /Users/joshua/Documents/Code/quotestreak/ios/Quotable/Sound.swift /Users/joshua/Documents/Code/quotestreak/ios/Quotable/Theme.swift /Users/joshua/Library/Developer/Xcode/DerivedData/Quotable-feiosoqddtaaylftjupshbudqttq/Build/Intermediates.noindex/ArchiveIntermediates/Quotable/IntermediateBuildFilesPath/Quotable.build/Release/Quotable.build/DerivedSources/GeneratedAssetSymbols.swift /Applications/Xcode.app/Contents/Developer/Toolchains/XcodeDefault.xctoolchain/usr/lib/swift/macosx/prebuilt-modules/26.5/ObjectiveC.swiftmodule/x86_64-apple-macos.swiftmodule /Applications/Xcode.app/Contents/Developer/Toolchains/XcodeDefault.xctoolchain/usr/lib/swift/macosx/prebuilt-modules/26.5/CoreImage.swiftmodule/x86_64-apple-macos.swiftmodule /Applications/Xcode.app/Contents/Developer/Toolchains/XcodeDefault.xctoolchain/usr/lib/swift/macosx/prebuilt-modules/26.5/IOKit.swiftmodule/x86_64-apple-macos.swiftmodule /Applications/Xcode.app/Contents/Developer/Toolchains/XcodeDefault.xctoolchain/usr/lib/swift/macosx/prebuilt-modules/26.5/UniformTypeIdentifiers.swiftmodule/x86_64-apple-macos.swiftmodule /Applications/Xcode.app/Contents/Developer/Toolchains/XcodeDefault.xctoolchain/usr/lib/swift/macosx/prebuilt-modules/26.5/AVFAudio.swiftmodule/x86_64-apple-macos.swiftmodule /Applications/Xcode.app/Contents/Developer/Toolchains/XcodeDefault.xctoolchain/usr/lib/swift/macosx/prebuilt-modules/26.5/CoreMIDI.swiftmodule/x86_64-apple-macos.swiftmodule /Applications/Xcode.app/Contents/Developer/Toolchains/XcodeDefault.xctoolchain/usr/lib/swift/macosx/prebuilt-modules/26.5/CoreVideo.swiftmodule/x86_64-apple-macos.swiftmodule /Applications/Xcode.app/Contents/Developer/Toolchains/XcodeDefault.xctoolchain/usr/lib/swift/macosx/prebuilt-modules/26.5/Observation.swiftmodule/x86_64-apple-macos.swiftmodule /Applications/Xcode.app/Contents/Developer/Toolchains/XcodeDefault.xctoolchain/usr/lib/swift/macosx/prebuilt-modules/26.5/CoreData.swiftmodule/x86_64-apple-macos.swiftmodule /Applications/Xcode.app/Contents/Developer/Toolchains/XcodeDefault.xctoolchain/usr/lib/swift/macosx/prebuilt-modules/26.5/CoreText.swiftmodule/x86_64-apple-macos.swiftmodule /Applications/Xcode.app/Contents/Developer/Toolchains/XcodeDefault.xctoolchain/usr/lib/swift/macosx/prebuilt-modules/26.5/_Builtin_float.swiftmodule/x86_64-apple-macos.swiftmodule /Applications/Xcode.app/Contents/Developer/Toolchains/XcodeDefault.xctoolchain/usr/lib/swift/macosx/prebuilt-modules/26.5/AppKit.swiftmodule/x86_64-apple-macos.swiftmodule /Applications/Xcode.app/Contents/Developer/Toolchains/XcodeDefault.xctoolchain/usr/lib/swift/macosx/prebuilt-modules/26.5/Synchronization.swiftmodule/x86_64-apple-macos.swiftmodule /Applications/Xcode.app/Contents/Developer/Toolchains/XcodeDefault.xctoolchain/usr/lib/swift/macosx/prebuilt-modules/26.5/Symbols.swiftmodule/x86_64-apple-macos.swiftmodule /Applications/Xcode.app/Contents/Developer/Toolchains/XcodeDefault.xctoolchain/usr/lib/swift/macosx/prebuilt-modules/26.5/OSLog.swiftmodule/x86_64-apple-macos.swiftmodule /Applications/Xcode.app/Contents/Developer/Toolchains/XcodeDefault.xctoolchain/usr/lib/swift/macosx/prebuilt-modules/26.5/QuartzCore.swiftmodule/x86_64-apple-macos.swiftmodule /Applications/Xcode.app/Contents/Developer/Toolchains/XcodeDefault.xctoolchain/usr/lib/swift/macosx/prebuilt-modules/26.5/CoreGraphics.swiftmodule/x86_64-apple-macos.swiftmodule /Applications/Xcode.app/Contents/Developer/Toolchains/XcodeDefault.xctoolchain/usr/lib/swift/macosx/prebuilt-modules/26.5/System.swiftmodule/x86_64-apple-macos.swiftmodule /Applications/Xcode.app/Contents/Developer/Toolchains/XcodeDefault.xctoolchain/usr/lib/swift/macosx/prebuilt-modules/26.5/_DarwinFoundation2.swiftmodule/x86_64-apple-macos.swiftmodule /Applications/Xcode.app/Contents/Developer/Toolchains/XcodeDefault.xctoolchain/usr/lib/swift/macosx/prebuilt-modules/26.5/SwiftUI.swiftmodule/x86_64-apple-macos.swiftmodule /Applications/Xcode.app/Contents/Developer/Toolchains/XcodeDefault.xctoolchain/usr/lib/swift/macosx/prebuilt-modules/26.5/CoreFoundation.swiftmodule/x86_64-apple-macos.swiftmodule /Applications/Xcode.app/Contents/Developer/Toolchains/XcodeDefault.xctoolchain/usr/lib/swift/macosx/prebuilt-modules/26.5/Foundation.swiftmodule/x86_64-apple-macos.swiftmodule /Applications/Xcode.app/Contents/Developer/Toolchains/XcodeDefault.xctoolchain/usr/lib/swift/macosx/prebuilt-modules/26.5/CoreTransferable.swiftmodule/x86_64-apple-macos.swiftmodule /Applications/Xcode.app/Contents/Developer/Toolchains/XcodeDefault.xctoolchain/usr/lib/swift/macosx/prebuilt-modules/26.5/DeveloperToolsSupport.swiftmodule/x86_64-apple-macos.swiftmodule /Applications/Xcode.app/Contents/Developer/Toolchains/XcodeDefault.xctoolchain/usr/lib/swift/macosx/prebuilt-modules/26.5/Accessibility.swiftmodule/x86_64-apple-macos.swiftmodule /Applications/Xcode.app/Contents/Developer/Toolchains/XcodeDefault.xctoolchain/usr/lib/swift/macosx/prebuilt-modules/26.5/Metal.swiftmodule/x86_64-apple-macos.swiftmodule /Applications/Xcode.app/Contents/Developer/Toolchains/XcodeDefault.xctoolchain/usr/lib/swift/macosx/prebuilt-modules/26.5/CoreMedia.swiftmodule/x86_64-apple-macos.swiftmodule /Applications/Xcode.app/Contents/Developer/Toolchains/XcodeDefault.xctoolchain/usr/lib/swift/macosx/prebuilt-modules/26.5/Combine.swiftmodule/x86_64-apple-macos.swiftmodule /Applications/Xcode.app/Contents/Developer/Toolchains/XcodeDefault.xctoolchain/usr/lib/swift/macosx/prebuilt-modules/26.5/os.swiftmodule/x86_64-apple-macos.swiftmodule /Applications/Xcode.app/Contents/Developer/Toolchains/XcodeDefault.xctoolchain/usr/lib/swift/macosx/prebuilt-modules/26.5/Dispatch.swiftmodule/x86_64-apple-macos.swiftmodule /Applications/Xcode.app/Contents/Developer/Toolchains/XcodeDefault.xctoolchain/usr/lib/swift/macosx/prebuilt-modules/26.5/SwiftUICore.swiftmodule/x86_64-apple-macos.swiftmodule /Applications/Xcode.app/Contents/Developer/Toolchains/XcodeDefault.xctoolchain/usr/lib/swift/macosx/prebuilt-modules/26.5/AVFoundation.swiftmodule/x86_64-apple-macos.swiftmodule /Applications/Xcode.app/Contents/Developer/Toolchains/XcodeDefault.xctoolchain/usr/lib/swift/macosx/prebuilt-modules/26.5/_DarwinFoundation3.swiftmodule/x86_64-apple-macos.swiftmodule /Applications/Xcode.app/Contents/Developer/Toolchains/XcodeDefault.xctoolchain/usr/lib/swift/macosx/prebuilt-modules/26.5/DataDetection.swiftmodule/x86_64-apple-macos.swiftmodule /Applications/Xcode.app/Contents/Developer/Toolchains/XcodeDefault.xctoolchain/usr/lib/swift/macosx/prebuilt-modules/26.5/_DarwinFoundation1.swiftmodule/x86_64-apple-macos.swiftmodule /Applications/Xcode.app/Contents/Developer/Toolchains/XcodeDefault.xctoolchain/usr/lib/swift/macosx/prebuilt-modules/26.5/simd.swiftmodule/x86_64-apple-macos.swiftmodule /Applications/Xcode.app/Contents/Developer/Toolchains/XcodeDefault.xctoolchain/usr/lib/swift/macosx/prebuilt-modules/26.5/CoreAudio.swiftmodule/x86_64-apple-macos.swiftmodule /Applications/Xcode.app/Contents/Developer/Toolchains/XcodeDefault.xctoolchain/usr/lib/swift/macosx/prebuilt-modules/26.5/_Concurrency.swiftmodule/x86_64-apple-macos.swiftmodule /Applications/Xcode.app/Contents/Developer/Toolchains/XcodeDefault.xctoolchain/usr/lib/swift/macosx/prebuilt-modules/26.5/Darwin.swiftmodule/x86_64-apple-macos.swiftmodule /Applications/Xcode.app/Contents/Developer/Toolchains/XcodeDefault.xctoolchain/usr/lib/swift/macosx/prebuilt-modules/26.5/_StringProcessing.swiftmodule/x86_64-apple-macos.swiftmodule /Applications/Xcode.app/Contents/Developer/Toolchains/XcodeDefault.xctoolchain/usr/lib/swift/macosx/prebuilt-modules/26.5/Spatial.swiftmodule/x86_64-apple-macos.swiftmodule /Applications/Xcode.app/Contents/Developer/Toolchains/XcodeDefault.xctoolchain/usr/lib/swift/macosx/prebuilt-modules/26.5/Swift.swiftmodule/x86_64-apple-macos.swiftmodule /Applications/Xcode.app/Contents/Developer/Toolchains/XcodeDefault.xctoolchain/usr/lib/swift/macosx/prebuilt-modules/26.5/XPC.swiftmodule/x86_64-apple-macos.swiftmodule /Applications/Xcode.app/Contents/Developer/Toolchains/XcodeDefault.xctoolchain/usr/lib/swift/macosx/prebuilt-modules/26.5/AudioToolbox.swiftmodule/x86_64-apple-macos.swiftmodule /Users/joshua/Library/Developer/Xcode/DerivedData/ModuleCache.noindex/CUPS-28H3PL18T0D9V4KCKMO55XNZ8.pcm /Users/joshua/Library/Developer/Xcode/DerivedData/ModuleCache.noindex/SwiftShims-6EKGHBZU0SGGQIVMFFKGFVKBJ.pcm /Users/joshua/Library/Developer/Xcode/DerivedData/ModuleCache.noindex/ptrcheck-9DWZSER79O01CXHA5V8GI03WY.pcm /Users/joshua/Library/Developer/Xcode/DerivedData/ModuleCache.noindex/CoreMedia-3NOX0WTD9TLE6KBDQFX0ENF76.pcm /Users/joshua/Library/Developer/Xcode/DerivedData/ModuleCache.noindex/OSLog-D0I5LCCAFQTE9L1H1ZZXGQS97.pcm /Users/joshua/Library/Developer/Xcode/DerivedData/ModuleCache.noindex/libDER-9RVFFPHEODAK1M5HN2LP749BE.pcm /Users/joshua/Library/Developer/Xcode/DerivedData/ModuleCache.noindex/Foundation-7L7CS3PG09SJP6CK9IJUV63QY.pcm /Users/joshua/Library/Developer/Xcode/DerivedData/ModuleCache.noindex/AVFoundation-8HQBHGZCJ88JYURX3ZHBIHDDU.pcm /Users/joshua/Library/Developer/Xcode/DerivedData/ModuleCache.noindex/CoreVideo-B649CLHJ2G9HULF21R0CQAVS1.pcm /Users/joshua/Library/Developer/Xcode/DerivedData/ModuleCache.noindex/os-3IA04NF03HXM93J9UT5LEAPBS.pcm /Users/joshua/Library/Developer/Xcode/DerivedData/ModuleCache.noindex/CoreGraphics-1QM4S3ZSPIXSI2LTHD5FK838.pcm /Users/joshua/Library/Developer/Xcode/DerivedData/ModuleCache.noindex/Accessibility-3PD8XFRYUPE6W1EH4CI040RDI.pcm /Users/joshua/Library/Developer/Xcode/DerivedData/ModuleCache.noindex/ApplicationServices-8KT8O22JTKOX5P2L877HYDBKC.pcm /Users/joshua/Library/Developer/Xcode/DerivedData/ModuleCache.noindex/launch-617UM8HANX7DT8ZXO7SFNUW3I.pcm /Users/joshua/Library/Developer/Xcode/DerivedData/ModuleCache.noindex/os_workgroup-EF3JCVMNOZK3K1CUEB9EIWUE1.pcm /Users/joshua/Library/Developer/Xcode/DerivedData/ModuleCache.noindex/UniformTypeIdentifiers-BJHLGKP2ZGKS4CZ620JSFGVPU.pcm /Users/joshua/Library/Developer/Xcode/DerivedData/ModuleCache.noindex/_Builtin_float-D56IAN89KSN1KQDCUE8RM0VNF.pcm /Users/joshua/Library/Developer/Xcode/DerivedData/ModuleCache.noindex/IOKit-2NJVF7UQ51GB7CCSEM3Y1BRV8.pcm /Users/joshua/Library/Developer/Xcode/DerivedData/ModuleCache.noindex/CoreMIDI-2023062IZCQSZIXFWVFZDSTRP.pcm /Users/joshua/Library/Developer/Xcode/DerivedData/ModuleCache.noindex/_Builtin_stddef-2KGXFM17K3XJ62SCVWDN8U7HJ.pcm /Users/joshua/Library/Developer/Xcode/DerivedData/ModuleCache.noindex/_Builtin_stdbool-CJJ89MFNQHJZYSPBKEW7QEW7O.pcm /Users/joshua/Library/Developer/Xcode/DerivedData/ModuleCache.noindex/CoreFoundation-3IM1XRL9J9QPJ7VNEPV4S2HFU.pcm /Users/joshua/Library/Developer/Xcode/DerivedData/ModuleCache.noindex/_Builtin_tgmath-AYBWYDPW8XIYQVDK8CRDH77UW.pcm /Users/joshua/Library/Developer/Xcode/DerivedData/ModuleCache.noindex/AppKit-6AWKIU1NDMKND1R6Y6WAF5CGI.pcm /Users/joshua/Library/Developer/Xcode/DerivedData/ModuleCache.noindex/Symbols-CWLTGB0S3UICY6CVTKU839ECA.pcm /Users/joshua/Library/Developer/Xcode/DerivedData/ModuleCache.noindex/sys_types-9X43HKB22MZS51SB2MH9LA3VR.pcm /Users/joshua/Library/Developer/Xcode/DerivedData/ModuleCache.noindex/_Builtin_limits-8VS06G9ASVITP4SSJKC86QN09.pcm /Users/joshua/Library/Developer/Xcode/DerivedData/ModuleCache.noindex/CoreAudioTypes-2B8OD8PO0GWOZCO7KFJJ5HP15.pcm /Users/joshua/Library/Developer/Xcode/DerivedData/ModuleCache.noindex/MachO-7MP8XG9WWJQVVT24WLOK8227S.pcm /Users/joshua/Library/Developer/Xcode/DerivedData/ModuleCache.noindex/Dispatch-EYOK07RPLSTYH73SMZCUIY05J.pcm /Users/joshua/Library/Developer/Xcode/DerivedData/ModuleCache.noindex/libkern-CPBU7225QAXEW71KGMO9BU4CG.pcm /Users/joshua/Library/Developer/Xcode/DerivedData/ModuleCache.noindex/_SwiftConcurrencyShims-7QHFHSGEG0V9Q58URAZXJAYE4.pcm /Users/joshua/Library/Developer/Xcode/DerivedData/ModuleCache.noindex/Darwin-AAJSORABRXFPFJ1AECWC5UDSD.pcm /Users/joshua/Library/Developer/Xcode/DerivedData/ModuleCache.noindex/Metal-1W8TNQVFTEJ6ISMIKLU6G9MAM.pcm /Users/joshua/Library/Developer/Xcode/DerivedData/ModuleCache.noindex/DiskArbitration-4RK3BCJEIM838TRVPDY6YOE3.pcm /Users/joshua/Library/Developer/Xcode/DerivedData/ModuleCache.noindex/_Builtin_inttypes-2LHNIH3FVC216C3KDWJX2MW8L.pcm /Users/joshua/Library/Developer/Xcode/DerivedData/ModuleCache.noindex/_DarwinFoundation1-C7QH5INUM6S51FKS8SPC61JHO.pcm /Users/joshua/Library/Developer/Xcode/DerivedData/ModuleCache.noindex/ColorSync-4P70741NW0HKZJ5AUG3HAL34M.pcm /Users/joshua/Library/Developer/Xcode/DerivedData/ModuleCache.noindex/CoreData-AW6GBIRAXXFJYU1QG2F10GQTV.pcm /Users/joshua/Library/Developer/Xcode/DerivedData/ModuleCache.noindex/simd-5ZT27ENR3L3YWPQMRW747SMQZ.pcm /Users/joshua/Library/Developer/Xcode/DerivedData/ModuleCache.noindex/QuartzCore-AGTHQV6S19S9C1RC2H9HH9N2O.pcm /Users/joshua/Library/Developer/Xcode/DerivedData/ModuleCache.noindex/DataDetection-C3D27RDOXL7QJ2YHLLF815GO6.pcm /Users/joshua/Library/Developer/Xcode/DerivedData/ModuleCache.noindex/XPC-AQRI3MMB4NIWLS1PDVVVVCKE5.pcm /Users/joshua/Library/Developer/Xcode/DerivedData/ModuleCache.noindex/CoreServices-3WNPDVZGSHMQ5BFRM27LQGI4.pcm /Users/joshua/Library/Developer/Xcode/DerivedData/ModuleCache.noindex/SwiftUICore-DOHG15NR4YIVRO6B0LN8DG6L2.pcm /Users/joshua/Library/Developer/Xcode/DerivedData/ModuleCache.noindex/_Builtin_stdint-8XFIKEESMKPKIKOQ52Y6TOOGH.pcm /Users/joshua/Library/Developer/Xcode/DerivedData/ModuleCache.noindex/MediaToolbox-6TW3D0U92THNZYZF8UB05MZQV.pcm /Users/joshua/Library/Developer/Xcode/DerivedData/ModuleCache.noindex/Spatial-C8W3W89U4SFHC3SIYPY1H4E06.pcm /Users/joshua/Library/Developer/Xcode/DerivedData/ModuleCache.noindex/_AvailabilityInternal-EHUXZWJ7K6QKBHQEMFHPXYEN3.pcm /Users/joshua/Library/Developer/Xcode/DerivedData/ModuleCache.noindex/ImageIO-EGOUQXVQC31PP3F4X7VX09W0.pcm /Users/joshua/Library/Developer/Xcode/DerivedData/ModuleCache.noindex/Security-28EGUB3AB6BG3C07UKPF97QKH.pcm /Users/joshua/Library/Developer/Xcode/DerivedData/ModuleCache.noindex/_DarwinFoundation2-BHRT7HKFC340QMXSKXP0T9JRH.pcm /Users/joshua/Library/Developer/Xcode/DerivedData/ModuleCache.noindex/SwiftUI-D5PGQCKK1CUTPF8583GIT00A2.pcm /Users/joshua/Library/Developer/Xcode/DerivedData/ModuleCache.noindex/CoreImage-CDYPQG3Y34JEY6WEK0N1YBXQ6.pcm /Users/joshua/Library/Developer/Xcode/DerivedData/ModuleCache.noindex/AVFAudio-7JJL657RH7WSBPLTBK6C0C3HO.pcm /Users/joshua/Library/Developer/Xcode/DerivedData/ModuleCache.noindex/_DarwinFoundation3-B0PN0F1ZGVN6SP0KR7O3QTTVT.pcm /Users/joshua/Library/Developer/Xcode/DerivedData/ModuleCache.noindex/CoreAudio-1118S7T1Z89KGL3BWYE48ELUD.pcm /Users/joshua/Library/Developer/Xcode/DerivedData/ModuleCache.noindex/OpenGL-E883Z1GZ81M2RE1LRI4CP0A6G.pcm /Users/joshua/Library/Developer/Xcode/DerivedData/ModuleCache.noindex/IOSurface-1IVB9P5E23P3OCUQUZZ40PVHT.pcm /Users/joshua/Library/Developer/Xcode/DerivedData/ModuleCache.noindex/os_object-31OOG0JU1G5QHSPX2C606A1ED.pcm /Users/joshua/Library/Developer/Xcode/DerivedData/ModuleCache.noindex/AudioToolbox-UPTIJBJHAB27HC0757MRSYBN.pcm /Users/joshua/Library/Developer/Xcode/DerivedData/ModuleCache.noindex/_Builtin_intrinsics-5E6VQTJFTP8XSL9UUNYVIDRFC.pcm /Users/joshua/Library/Developer/Xcode/DerivedData/ModuleCache.noindex/Carbon-BRADSTNWNQJ7MN40CXZDC8XMV.pcm /Users/joshua/Library/Developer/Xcode/DerivedData/ModuleCache.noindex/CoreText-BMTGG77FZ4Y3JUH828ILCUH0.pcm /Users/joshua/Library/Developer/Xcode/DerivedData/ModuleCache.noindex/DeveloperToolsSupport-DUM0F46UH8SKUR5L1EJ71L552.pcm /Users/joshua/Library/Developer/Xcode/DerivedData/ModuleCache.noindex/_Builtin_stdatomic-60DS173A0EAV9A3TPEEAGXGR3.pcm /Users/joshua/Library/Developer/Xcode/DerivedData/ModuleCache.noindex/ObjectiveC-1U59V0EW2VF7K5WQ6H4B38E5L.pcm /Users/joshua/Library/Developer/Xcode/DerivedData/ModuleCache.noindex/_Builtin_stdarg-3O65V7G2D9FJHAP95T9TF99SK.pcm /Users/joshua/Library/Developer/Xcode/DerivedData/ModuleCache.noindex/ptrauth-GPFPLM4IK7PUYGBPY9PG1E9T.pcm /Users/joshua/Library/Developer/Xcode/DerivedData/ModuleCache.noindex/CoreTransferable-5P7WG907OXFWFORLTI8K6CDWF.pcm /Users/joshua/Library/Developer/Xcode/DerivedData/ModuleCache.noindex/CFNetwork-6H4ROS7CHUANU01U3ZOYEOSQN.pcm /Users/joshua/Library/Developer/Xcode/DerivedData/Quotable-feiosoqddtaaylftjupshbudqttq/Build/Intermediates.noindex/ArchiveIntermediates/Quotable/IntermediateBuildFilesPath/Quotable.build/Release/Quotable.build/Objects-normal/x86_64/Quotable-dependencies-1.json (in target 'Quotable' from project 'Quotable')

CompileSwift normal x86_64 (in target 'Quotable' from project 'Quotable')
    cd /Users/joshua/Documents/Code/quotestreak/macos
    

SwiftDriver\ Compilation Quotable normal x86_64 com.apple.xcode.tools.swift.compiler (in target 'Quotable' from project 'Quotable')
    cd /Users/joshua/Documents/Code/quotestreak/macos
    builtin-Swift-Compilation -- /Applications/Xcode.app/Contents/Developer/Toolchains/XcodeDefault.xctoolchain/usr/bin/swiftc -module-name Quotable -O -whole-module-optimization @/Users/joshua/Library/Developer/Xcode/DerivedData/Quotable-feiosoqddtaaylftjupshbudqttq/Build/Intermediates.noindex/ArchiveIntermediates/Quotable/IntermediateBuildFilesPath/Quotable.build/Release/Quotable.build/Objects-normal/x86_64/Quotable.SwiftFileList -enable-bare-slash-regex -enable-experimental-feature DebugDescriptionMacro -sdk /Applications/Xcode.app/Contents/Developer/Platforms/MacOSX.platform/Developer/SDKs/MacOSX26.5.sdk -target x86_64-apple-macos14.0 -g -module-cache-path /Users/joshua/Library/Developer/Xcode/DerivedData/ModuleCache.noindex -Xfrontend -serialize-debugging-options -swift-version 5 -I /Users/joshua/Library/Developer/Xcode/DerivedData/Quotable-feiosoqddtaaylftjupshbudqttq/Build/Intermediates.noindex/ArchiveIntermediates/Quotable/BuildProductsPath/Release -F /Users/joshua/Library/Developer/Xcode/DerivedData/Quotable-feiosoqddtaaylftjupshbudqttq/Build/Intermediates.noindex/ArchiveIntermediates/Quotable/BuildProductsPath/Release -c -num-threads 10 -Xcc -ivfsstatcache -Xcc /Users/joshua/Library/Developer/Xcode/DerivedData/SDKStatCaches.noindex/macosx26.5-25F70-e082c4a02f00227109f4ed75e425c832.sdkstatcache -output-file-map /Users/joshua/Library/Developer/Xcode/DerivedData/Quotable-feiosoqddtaaylftjupshbudqttq/Build/Intermediates.noindex/ArchiveIntermediates/Quotable/IntermediateBuildFilesPath/Quotable.build/Release/Quotable.build/Objects-normal/x86_64/Quotable-OutputFileMap.json -use-frontend-parseable-output -save-temps -no-color-diagnostics -explicit-module-build -module-cache-path /Users/joshua/Library/Developer/Xcode/DerivedData/Quotable-feiosoqddtaaylftjupshbudqttq/Build/Intermediates.noindex/ArchiveIntermediates/Quotable/IntermediateBuildFilesPath/SwiftExplicitPrecompiledModules -clang-scanner-module-cache-path /Users/joshua/Library/Developer/Xcode/DerivedData/ModuleCache.noindex -sdk-module-cache-path /Users/joshua/Library/Developer/Xcode/DerivedData/ModuleCache.noindex -serialize-diagnostics -emit-dependencies -emit-module -emit-module-path /Users/joshua/Library/Developer/Xcode/DerivedData/Quotable-feiosoqddtaaylftjupshbudqttq/Build/Intermediates.noindex/ArchiveIntermediates/Quotable/IntermediateBuildFilesPath/Quotable.build/Release/Quotable.build/Objects-normal/x86_64/Quotable.swiftmodule -validate-clang-modules-once -clang-build-session-file /Users/joshua/Library/Developer/Xcode/DerivedData/ModuleCache.noindex/Session.modulevalidation -Xcc -I/Users/joshua/Library/Developer/Xcode/DerivedData/Quotable-feiosoqddtaaylftjupshbudqttq/Build/Intermediates.noindex/ArchiveIntermediates/Quotable/IntermediateBuildFilesPath/Quotable.build/Release/Quotable.build/swift-overrides.hmap -emit-const-values -Xfrontend -const-gather-protocols-file -Xfrontend /Users/joshua/Library/Developer/Xcode/DerivedData/Quotable-feiosoqddtaaylftjupshbudqttq/Build/Intermediates.noindex/ArchiveIntermediates/Quotable/IntermediateBuildFilesPath/Quotable.build/Release/Quotable.build/Objects-normal/x86_64/Quotable_const_extract_protocols.json -Xcc -iquote -Xcc /Users/joshua/Library/Developer/Xcode/DerivedData/Quotable-feiosoqddtaaylftjupshbudqttq/Build/Intermediates.noindex/ArchiveIntermediates/Quotable/IntermediateBuildFilesPath/Quotable.build/Release/Quotable.build/Quotable-generated-files.hmap -Xcc -I/Users/joshua/Library/Developer/Xcode/DerivedData/Quotable-feiosoqddtaaylftjupshbudqttq/Build/Intermediates.noindex/ArchiveIntermediates/Quotable/IntermediateBuildFilesPath/Quotable.build/Release/Quotable.build/Quotable-own-target-headers.hmap -Xcc -I/Users/joshua/Library/Developer/Xcode/DerivedData/Quotable-feiosoqddtaaylftjupshbudqttq/Build/Intermediates.noindex/ArchiveIntermediates/Quotable/IntermediateBuildFilesPath/Quotable.build/Release/Quotable.build/Quotable-all-target-headers.hmap -Xcc -iquote -Xcc /Users/joshua/Library/Developer/Xcode/DerivedData/Quotable-feiosoqddtaaylftjupshbudqttq/Build/Intermediates.noindex/ArchiveIntermediates/Quotable/IntermediateBuildFilesPath/Quotable.build/Release/Quotable.build/Quotable-project-headers.hmap -Xcc -I/Users/joshua/Library/Developer/Xcode/DerivedData/Quotable-feiosoqddtaaylftjupshbudqttq/Build/Intermediates.noindex/ArchiveIntermediates/Quotable/BuildProductsPath/Release/include -Xcc -I/Users/joshua/Library/Developer/Xcode/DerivedData/Quotable-feiosoqddtaaylftjupshbudqttq/Build/Intermediates.noindex/ArchiveIntermediates/Quotable/IntermediateBuildFilesPath/Quotable.build/Release/Quotable.build/DerivedSources-normal/x86_64 -Xcc -I/Users/joshua/Library/Developer/Xcode/DerivedData/Quotable-feiosoqddtaaylftjupshbudqttq/Build/Intermediates.noindex/ArchiveIntermediates/Quotable/IntermediateBuildFilesPath/Quotable.build/Release/Quotable.build/DerivedSources/x86_64 -Xcc -I/Users/joshua/Library/Developer/Xcode/DerivedData/Quotable-feiosoqddtaaylftjupshbudqttq/Build/Intermediates.noindex/ArchiveIntermediates/Quotable/IntermediateBuildFilesPath/Quotable.build/Release/Quotable.build/DerivedSources -emit-objc-header -emit-objc-header-path /Users/joshua/Library/Developer/Xcode/DerivedData/Quotable-feiosoqddtaaylftjupshbudqttq/Build/Intermediates.noindex/ArchiveIntermediates/Quotable/IntermediateBuildFilesPath/Quotable.build/Release/Quotable.build/Objects-normal/x86_64/Quotable-Swift.h -working-directory /Users/joshua/Documents/Code/quotestreak/macos -no-emit-module-separately-wmo

LinkAssetCatalog /Users/joshua/Documents/Code/quotestreak/macos/Assets.xcassets (in target 'Quotable' from project 'Quotable')
    cd /Users/joshua/Documents/Code/quotestreak/macos
    builtin-linkAssetCatalog --thinned /Users/joshua/Library/Developer/Xcode/DerivedData/Quotable-feiosoqddtaaylftjupshbudqttq/Build/Intermediates.noindex/ArchiveIntermediates/Quotable/IntermediateBuildFilesPath/Quotable.build/Release/Quotable.build/assetcatalog_output/thinned --thinned-dependencies /Users/joshua/Library/Developer/Xcode/DerivedData/Quotable-feiosoqddtaaylftjupshbudqttq/Build/Intermediates.noindex/ArchiveIntermediates/Quotable/IntermediateBuildFilesPath/Quotable.build/Release/Quotable.build/assetcatalog_dependencies_thinned --thinned-info-plist-content /Users/joshua/Library/Developer/Xcode/DerivedData/Quotable-feiosoqddtaaylftjupshbudqttq/Build/Intermediates.noindex/ArchiveIntermediates/Quotable/IntermediateBuildFilesPath/Quotable.build/Release/Quotable.build/assetcatalog_generated_info.plist_thinned --unthinned /Users/joshua/Library/Developer/Xcode/DerivedData/Quotable-feiosoqddtaaylftjupshbudqttq/Build/Intermediates.noindex/ArchiveIntermediates/Quotable/IntermediateBuildFilesPath/Quotable.build/Release/Quotable.build/assetcatalog_output/unthinned --unthinned-dependencies /Users/joshua/Library/Developer/Xcode/DerivedData/Quotable-feiosoqddtaaylftjupshbudqttq/Build/Intermediates.noindex/ArchiveIntermediates/Quotable/IntermediateBuildFilesPath/Quotable.build/Release/Quotable.build/assetcatalog_dependencies_unthinned --unthinned-info-plist-content /Users/joshua/Library/Developer/Xcode/DerivedData/Quotable-feiosoqddtaaylftjupshbudqttq/Build/Intermediates.noindex/ArchiveIntermediates/Quotable/IntermediateBuildFilesPath/Quotable.build/Release/Quotable.build/assetcatalog_generated_info.plist_unthinned --output /Users/joshua/Library/Developer/Xcode/DerivedData/Quotable-feiosoqddtaaylftjupshbudqttq/Build/Intermediates.noindex/ArchiveIntermediates/Quotable/InstallationBuildProductsLocation/Applications/Quotable.app/Contents/Resources --plist-output /Users/joshua/Library/Developer/Xcode/DerivedData/Quotable-feiosoqddtaaylftjupshbudqttq/Build/Intermediates.noindex/ArchiveIntermediates/Quotable/IntermediateBuildFilesPath/Quotable.build/Release/Quotable.build/assetcatalog_generated_info.plist
note: Emplaced /Users/joshua/Library/Developer/Xcode/DerivedData/Quotable-feiosoqddtaaylftjupshbudqttq/Build/Intermediates.noindex/ArchiveIntermediates/Quotable/InstallationBuildProductsLocation/Applications/Quotable.app/Contents/Resources/AppIcon.icns (in target 'Quotable' from project 'Quotable')
note: Emplaced /Users/joshua/Library/Developer/Xcode/DerivedData/Quotable-feiosoqddtaaylftjupshbudqttq/Build/Intermediates.noindex/ArchiveIntermediates/Quotable/InstallationBuildProductsLocation/Applications/Quotable.app/Contents/Resources/Assets.car (in target 'Quotable' from project 'Quotable')

ProcessInfoPlistFile /Users/joshua/Library/Developer/Xcode/DerivedData/Quotable-feiosoqddtaaylftjupshbudqttq/Build/Intermediates.noindex/ArchiveIntermediates/Quotable/InstallationBuildProductsLocation/Applications/Quotable.app/Contents/Info.plist /Users/joshua/Documents/Code/quotestreak/macos/Quotable/Info.plist (in target 'Quotable' from project 'Quotable')
    cd /Users/joshua/Documents/Code/quotestreak/macos
    builtin-infoPlistUtility /Users/joshua/Documents/Code/quotestreak/macos/Quotable/Info.plist -producttype com.apple.product-type.application -genpkginfo /Users/joshua/Library/Developer/Xcode/DerivedData/Quotable-feiosoqddtaaylftjupshbudqttq/Build/Intermediates.noindex/ArchiveIntermediates/Quotable/InstallationBuildProductsLocation/Applications/Quotable.app/Contents/PkgInfo -expandbuildsettings -platform macosx -additionalcontentfile /Users/joshua/Library/Developer/Xcode/DerivedData/Quotable-feiosoqddtaaylftjupshbudqttq/Build/Intermediates.noindex/ArchiveIntermediates/Quotable/IntermediateBuildFilesPath/Quotable.build/Release/Quotable.build/assetcatalog_generated_info.plist -o /Users/joshua/Library/Developer/Xcode/DerivedData/Quotable-feiosoqddtaaylftjupshbudqttq/Build/Intermediates.noindex/ArchiveIntermediates/Quotable/InstallationBuildProductsLocation/Applications/Quotable.app/Contents/Info.plist

SwiftDriverJobDiscovery normal x86_64 Compiling ContentView.swift, Game.swift, QuotableApp.swift, Quote.swift, SharedStore.swift, Sound.swift, Theme.swift, GeneratedAssetSymbols.swift (in target 'Quotable' from project 'Quotable')

SwiftDriver\ Compilation\ Requirements Quotable normal x86_64 com.apple.xcode.tools.swift.compiler (in target 'Quotable' from project 'Quotable')
    cd /Users/joshua/Documents/Code/quotestreak/macos
    builtin-Swift-Compilation-Requirements -- /Applications/Xcode.app/Contents/Developer/Toolchains/XcodeDefault.xctoolchain/usr/bin/swiftc -module-name Quotable -O -whole-module-optimization @/Users/joshua/Library/Developer/Xcode/DerivedData/Quotable-feiosoqddtaaylftjupshbudqttq/Build/Intermediates.noindex/ArchiveIntermediates/Quotable/IntermediateBuildFilesPath/Quotable.build/Release/Quotable.build/Objects-normal/x86_64/Quotable.SwiftFileList -enable-bare-slash-regex -enable-experimental-feature DebugDescriptionMacro -sdk /Applications/Xcode.app/Contents/Developer/Platforms/MacOSX.platform/Developer/SDKs/MacOSX26.5.sdk -target x86_64-apple-macos14.0 -g -module-cache-path /Users/joshua/Library/Developer/Xcode/DerivedData/ModuleCache.noindex -Xfrontend -serialize-debugging-options -swift-version 5 -I /Users/joshua/Library/Developer/Xcode/DerivedData/Quotable-feiosoqddtaaylftjupshbudqttq/Build/Intermediates.noindex/ArchiveIntermediates/Quotable/BuildProductsPath/Release -F /Users/joshua/Library/Developer/Xcode/DerivedData/Quotable-feiosoqddtaaylftjupshbudqttq/Build/Intermediates.noindex/ArchiveIntermediates/Quotable/BuildProductsPath/Release -c -num-threads 10 -Xcc -ivfsstatcache -Xcc /Users/joshua/Library/Developer/Xcode/DerivedData/SDKStatCaches.noindex/macosx26.5-25F70-e082c4a02f00227109f4ed75e425c832.sdkstatcache -output-file-map /Users/joshua/Library/Developer/Xcode/DerivedData/Quotable-feiosoqddtaaylftjupshbudqttq/Build/Intermediates.noindex/ArchiveIntermediates/Quotable/IntermediateBuildFilesPath/Quotable.build/Release/Quotable.build/Objects-normal/x86_64/Quotable-OutputFileMap.json -use-frontend-parseable-output -save-temps -no-color-diagnostics -explicit-module-build -module-cache-path /Users/joshua/Library/Developer/Xcode/DerivedData/Quotable-feiosoqddtaaylftjupshbudqttq/Build/Intermediates.noindex/ArchiveIntermediates/Quotable/IntermediateBuildFilesPath/SwiftExplicitPrecompiledModules -clang-scanner-module-cache-path /Users/joshua/Library/Developer/Xcode/DerivedData/ModuleCache.noindex -sdk-module-cache-path /Users/joshua/Library/Developer/Xcode/DerivedData/ModuleCache.noindex -serialize-diagnostics -emit-dependencies -emit-module -emit-module-path /Users/joshua/Library/Developer/Xcode/DerivedData/Quotable-feiosoqddtaaylftjupshbudqttq/Build/Intermediates.noindex/ArchiveIntermediates/Quotable/IntermediateBuildFilesPath/Quotable.build/Release/Quotable.build/Objects-normal/x86_64/Quotable.swiftmodule -validate-clang-modules-once -clang-build-session-file /Users/joshua/Library/Developer/Xcode/DerivedData/ModuleCache.noindex/Session.modulevalidation -Xcc -I/Users/joshua/Library/Developer/Xcode/DerivedData/Quotable-feiosoqddtaaylftjupshbudqttq/Build/Intermediates.noindex/ArchiveIntermediates/Quotable/IntermediateBuildFilesPath/Quotable.build/Release/Quotable.build/swift-overrides.hmap -emit-const-values -Xfrontend -const-gather-protocols-file -Xfrontend /Users/joshua/Library/Developer/Xcode/DerivedData/Quotable-feiosoqddtaaylftjupshbudqttq/Build/Intermediates.noindex/ArchiveIntermediates/Quotable/IntermediateBuildFilesPath/Quotable.build/Release/Quotable.build/Objects-normal/x86_64/Quotable_const_extract_protocols.json -Xcc -iquote -Xcc /Users/joshua/Library/Developer/Xcode/DerivedData/Quotable-feiosoqddtaaylftjupshbudqttq/Build/Intermediates.noindex/ArchiveIntermediates/Quotable/IntermediateBuildFilesPath/Quotable.build/Release/Quotable.build/Quotable-generated-files.hmap -Xcc -I/Users/joshua/Library/Developer/Xcode/DerivedData/Quotable-feiosoqddtaaylftjupshbudqttq/Build/Intermediates.noindex/ArchiveIntermediates/Quotable/IntermediateBuildFilesPath/Quotable.build/Release/Quotable.build/Quotable-own-target-headers.hmap -Xcc -I/Users/joshua/Library/Developer/Xcode/DerivedData/Quotable-feiosoqddtaaylftjupshbudqttq/Build/Intermediates.noindex/ArchiveIntermediates/Quotable/IntermediateBuildFilesPath/Quotable.build/Release/Quotable.build/Quotable-all-target-headers.hmap -Xcc -iquote -Xcc /Users/joshua/Library/Developer/Xcode/DerivedData/Quotable-feiosoqddtaaylftjupshbudqttq/Build/Intermediates.noindex/ArchiveIntermediates/Quotable/IntermediateBuildFilesPath/Quotable.build/Release/Quotable.build/Quotable-project-headers.hmap -Xcc -I/Users/joshua/Library/Developer/Xcode/DerivedData/Quotable-feiosoqddtaaylftjupshbudqttq/Build/Intermediates.noindex/ArchiveIntermediates/Quotable/BuildProductsPath/Release/include -Xcc -I/Users/joshua/Library/Developer/Xcode/DerivedData/Quotable-feiosoqddtaaylftjupshbudqttq/Build/Intermediates.noindex/ArchiveIntermediates/Quotable/IntermediateBuildFilesPath/Quotable.build/Release/Quotable.build/DerivedSources-normal/x86_64 -Xcc -I/Users/joshua/Library/Developer/Xcode/DerivedData/Quotable-feiosoqddtaaylftjupshbudqttq/Build/Intermediates.noindex/ArchiveIntermediates/Quotable/IntermediateBuildFilesPath/Quotable.build/Release/Quotable.build/DerivedSources/x86_64 -Xcc -I/Users/joshua/Library/Developer/Xcode/DerivedData/Quotable-feiosoqddtaaylftjupshbudqttq/Build/Intermediates.noindex/ArchiveIntermediates/Quotable/IntermediateBuildFilesPath/Quotable.build/Release/Quotable.build/DerivedSources -emit-objc-header -emit-objc-header-path /Users/joshua/Library/Developer/Xcode/DerivedData/Quotable-feiosoqddtaaylftjupshbudqttq/Build/Intermediates.noindex/ArchiveIntermediates/Quotable/IntermediateBuildFilesPath/Quotable.build/Release/Quotable.build/Objects-normal/x86_64/Quotable-Swift.h -working-directory /Users/joshua/Documents/Code/quotestreak/macos -no-emit-module-separately-wmo

Copy /Users/joshua/Library/Developer/Xcode/DerivedData/Quotable-feiosoqddtaaylftjupshbudqttq/Build/Intermediates.noindex/ArchiveIntermediates/Quotable/BuildProductsPath/Release/Quotable.swiftmodule/x86_64-apple-macos.swiftmodule /Users/joshua/Library/Developer/Xcode/DerivedData/Quotable-feiosoqddtaaylftjupshbudqttq/Build/Intermediates.noindex/ArchiveIntermediates/Quotable/IntermediateBuildFilesPath/Quotable.build/Release/Quotable.build/Objects-normal/x86_64/Quotable.swiftmodule (in target 'Quotable' from project 'Quotable')
    cd /Users/joshua/Documents/Code/quotestreak/macos
    builtin-copy -exclude .DS_Store -exclude CVS -exclude .svn -exclude .git -exclude .hg -resolve-src-symlinks -rename /Users/joshua/Library/Developer/Xcode/DerivedData/Quotable-feiosoqddtaaylftjupshbudqttq/Build/Intermediates.noindex/ArchiveIntermediates/Quotable/IntermediateBuildFilesPath/Quotable.build/Release/Quotable.build/Objects-normal/x86_64/Quotable.swiftmodule /Users/joshua/Library/Developer/Xcode/DerivedData/Quotable-feiosoqddtaaylftjupshbudqttq/Build/Intermediates.noindex/ArchiveIntermediates/Quotable/BuildProductsPath/Release/Quotable.swiftmodule/x86_64-apple-macos.swiftmodule

Copy /Users/joshua/Library/Developer/Xcode/DerivedData/Quotable-feiosoqddtaaylftjupshbudqttq/Build/Intermediates.noindex/ArchiveIntermediates/Quotable/BuildProductsPath/Release/Quotable.swiftmodule/x86_64-apple-macos.abi.json /Users/joshua/Library/Developer/Xcode/DerivedData/Quotable-feiosoqddtaaylftjupshbudqttq/Build/Intermediates.noindex/ArchiveIntermediates/Quotable/IntermediateBuildFilesPath/Quotable.build/Release/Quotable.build/Objects-normal/x86_64/Quotable.abi.json (in target 'Quotable' from project 'Quotable')
    cd /Users/joshua/Documents/Code/quotestreak/macos
    builtin-copy -exclude .DS_Store -exclude CVS -exclude .svn -exclude .git -exclude .hg -resolve-src-symlinks -rename /Users/joshua/Library/Developer/Xcode/DerivedData/Quotable-feiosoqddtaaylftjupshbudqttq/Build/Intermediates.noindex/ArchiveIntermediates/Quotable/IntermediateBuildFilesPath/Quotable.build/Release/Quotable.build/Objects-normal/x86_64/Quotable.abi.json /Users/joshua/Library/Developer/Xcode/DerivedData/Quotable-feiosoqddtaaylftjupshbudqttq/Build/Intermediates.noindex/ArchiveIntermediates/Quotable/BuildProductsPath/Release/Quotable.swiftmodule/x86_64-apple-macos.abi.json

Copy /Users/joshua/Library/Developer/Xcode/DerivedData/Quotable-feiosoqddtaaylftjupshbudqttq/Build/Intermediates.noindex/ArchiveIntermediates/Quotable/BuildProductsPath/Release/Quotable.swiftmodule/x86_64-apple-macos.swiftdoc /Users/joshua/Library/Developer/Xcode/DerivedData/Quotable-feiosoqddtaaylftjupshbudqttq/Build/Intermediates.noindex/ArchiveIntermediates/Quotable/IntermediateBuildFilesPath/Quotable.build/Release/Quotable.build/Objects-normal/x86_64/Quotable.swiftdoc (in target 'Quotable' from project 'Quotable')
    cd /Users/joshua/Documents/Code/quotestreak/macos
    builtin-copy -exclude .DS_Store -exclude CVS -exclude .svn -exclude .git -exclude .hg -resolve-src-symlinks -rename /Users/joshua/Library/Developer/Xcode/DerivedData/Quotable-feiosoqddtaaylftjupshbudqttq/Build/Intermediates.noindex/ArchiveIntermediates/Quotable/IntermediateBuildFilesPath/Quotable.build/Release/Quotable.build/Objects-normal/x86_64/Quotable.swiftdoc /Users/joshua/Library/Developer/Xcode/DerivedData/Quotable-feiosoqddtaaylftjupshbudqttq/Build/Intermediates.noindex/ArchiveIntermediates/Quotable/BuildProductsPath/Release/Quotable.swiftmodule/x86_64-apple-macos.swiftdoc

SwiftDriverJobDiscovery normal arm64 Compiling ContentView.swift, Game.swift, QuotableApp.swift, Quote.swift, SharedStore.swift, Sound.swift, Theme.swift, GeneratedAssetSymbols.swift (in target 'Quotable' from project 'Quotable')

SwiftDriver\ Compilation\ Requirements Quotable normal arm64 com.apple.xcode.tools.swift.compiler (in target 'Quotable' from project 'Quotable')
    cd /Users/joshua/Documents/Code/quotestreak/macos
    builtin-Swift-Compilation-Requirements -- /Applications/Xcode.app/Contents/Developer/Toolchains/XcodeDefault.xctoolchain/usr/bin/swiftc -module-name Quotable -O -whole-module-optimization @/Users/joshua/Library/Developer/Xcode/DerivedData/Quotable-feiosoqddtaaylftjupshbudqttq/Build/Intermediates.noindex/ArchiveIntermediates/Quotable/IntermediateBuildFilesPath/Quotable.build/Release/Quotable.build/Objects-normal/arm64/Quotable.SwiftFileList -enable-bare-slash-regex -enable-experimental-feature DebugDescriptionMacro -sdk /Applications/Xcode.app/Contents/Developer/Platforms/MacOSX.platform/Developer/SDKs/MacOSX26.5.sdk -target arm64-apple-macos14.0 -g -module-cache-path /Users/joshua/Library/Developer/Xcode/DerivedData/ModuleCache.noindex -Xfrontend -serialize-debugging-options -swift-version 5 -I /Users/joshua/Library/Developer/Xcode/DerivedData/Quotable-feiosoqddtaaylftjupshbudqttq/Build/Intermediates.noindex/ArchiveIntermediates/Quotable/BuildProductsPath/Release -F /Users/joshua/Library/Developer/Xcode/DerivedData/Quotable-feiosoqddtaaylftjupshbudqttq/Build/Intermediates.noindex/ArchiveIntermediates/Quotable/BuildProductsPath/Release -c -num-threads 10 -Xcc -ivfsstatcache -Xcc /Users/joshua/Library/Developer/Xcode/DerivedData/SDKStatCaches.noindex/macosx26.5-25F70-e082c4a02f00227109f4ed75e425c832.sdkstatcache -output-file-map /Users/joshua/Library/Developer/Xcode/DerivedData/Quotable-feiosoqddtaaylftjupshbudqttq/Build/Intermediates.noindex/ArchiveIntermediates/Quotable/IntermediateBuildFilesPath/Quotable.build/Release/Quotable.build/Objects-normal/arm64/Quotable-OutputFileMap.json -use-frontend-parseable-output -save-temps -no-color-diagnostics -explicit-module-build -module-cache-path /Users/joshua/Library/Developer/Xcode/DerivedData/Quotable-feiosoqddtaaylftjupshbudqttq/Build/Intermediates.noindex/ArchiveIntermediates/Quotable/IntermediateBuildFilesPath/SwiftExplicitPrecompiledModules -clang-scanner-module-cache-path /Users/joshua/Library/Developer/Xcode/DerivedData/ModuleCache.noindex -sdk-module-cache-path /Users/joshua/Library/Developer/Xcode/DerivedData/ModuleCache.noindex -serialize-diagnostics -emit-dependencies -emit-module -emit-module-path /Users/joshua/Library/Developer/Xcode/DerivedData/Quotable-feiosoqddtaaylftjupshbudqttq/Build/Intermediates.noindex/ArchiveIntermediates/Quotable/IntermediateBuildFilesPath/Quotable.build/Release/Quotable.build/Objects-normal/arm64/Quotable.swiftmodule -validate-clang-modules-once -clang-build-session-file /Users/joshua/Library/Developer/Xcode/DerivedData/ModuleCache.noindex/Session.modulevalidation -Xcc -I/Users/joshua/Library/Developer/Xcode/DerivedData/Quotable-feiosoqddtaaylftjupshbudqttq/Build/Intermediates.noindex/ArchiveIntermediates/Quotable/IntermediateBuildFilesPath/Quotable.build/Release/Quotable.build/swift-overrides.hmap -emit-const-values -Xfrontend -const-gather-protocols-file -Xfrontend /Users/joshua/Library/Developer/Xcode/DerivedData/Quotable-feiosoqddtaaylftjupshbudqttq/Build/Intermediates.noindex/ArchiveIntermediates/Quotable/IntermediateBuildFilesPath/Quotable.build/Release/Quotable.build/Objects-normal/arm64/Quotable_const_extract_protocols.json -Xcc -iquote -Xcc /Users/joshua/Library/Developer/Xcode/DerivedData/Quotable-feiosoqddtaaylftjupshbudqttq/Build/Intermediates.noindex/ArchiveIntermediates/Quotable/IntermediateBuildFilesPath/Quotable.build/Release/Quotable.build/Quotable-generated-files.hmap -Xcc -I/Users/joshua/Library/Developer/Xcode/DerivedData/Quotable-feiosoqddtaaylftjupshbudqttq/Build/Intermediates.noindex/ArchiveIntermediates/Quotable/IntermediateBuildFilesPath/Quotable.build/Release/Quotable.build/Quotable-own-target-headers.hmap -Xcc -I/Users/joshua/Library/Developer/Xcode/DerivedData/Quotable-feiosoqddtaaylftjupshbudqttq/Build/Intermediates.noindex/ArchiveIntermediates/Quotable/IntermediateBuildFilesPath/Quotable.build/Release/Quotable.build/Quotable-all-target-headers.hmap -Xcc -iquote -Xcc /Users/joshua/Library/Developer/Xcode/DerivedData/Quotable-feiosoqddtaaylftjupshbudqttq/Build/Intermediates.noindex/ArchiveIntermediates/Quotable/IntermediateBuildFilesPath/Quotable.build/Release/Quotable.build/Quotable-project-headers.hmap -Xcc -I/Users/joshua/Library/Developer/Xcode/DerivedData/Quotable-feiosoqddtaaylftjupshbudqttq/Build/Intermediates.noindex/ArchiveIntermediates/Quotable/BuildProductsPath/Release/include -Xcc -I/Users/joshua/Library/Developer/Xcode/DerivedData/Quotable-feiosoqddtaaylftjupshbudqttq/Build/Intermediates.noindex/ArchiveIntermediates/Quotable/IntermediateBuildFilesPath/Quotable.build/Release/Quotable.build/DerivedSources-normal/arm64 -Xcc -I/Users/joshua/Library/Developer/Xcode/DerivedData/Quotable-feiosoqddtaaylftjupshbudqttq/Build/Intermediates.noindex/ArchiveIntermediates/Quotable/IntermediateBuildFilesPath/Quotable.build/Release/Quotable.build/DerivedSources/arm64 -Xcc -I/Users/joshua/Library/Developer/Xcode/DerivedData/Quotable-feiosoqddtaaylftjupshbudqttq/Build/Intermediates.noindex/ArchiveIntermediates/Quotable/IntermediateBuildFilesPath/Quotable.build/Release/Quotable.build/DerivedSources -emit-objc-header -emit-objc-header-path /Users/joshua/Library/Developer/Xcode/DerivedData/Quotable-feiosoqddtaaylftjupshbudqttq/Build/Intermediates.noindex/ArchiveIntermediates/Quotable/IntermediateBuildFilesPath/Quotable.build/Release/Quotable.build/Objects-normal/arm64/Quotable-Swift.h -working-directory /Users/joshua/Documents/Code/quotestreak/macos -no-emit-module-separately-wmo

SwiftMergeGeneratedHeaders /Users/joshua/Library/Developer/Xcode/DerivedData/Quotable-feiosoqddtaaylftjupshbudqttq/Build/Intermediates.noindex/ArchiveIntermediates/Quotable/IntermediateBuildFilesPath/Quotable.build/Release/Quotable.build/DerivedSources/Quotable-Swift.h /Users/joshua/Library/Developer/Xcode/DerivedData/Quotable-feiosoqddtaaylftjupshbudqttq/Build/Intermediates.noindex/ArchiveIntermediates/Quotable/IntermediateBuildFilesPath/Quotable.build/Release/Quotable.build/Objects-normal/arm64/Quotable-Swift.h /Users/joshua/Library/Developer/Xcode/DerivedData/Quotable-feiosoqddtaaylftjupshbudqttq/Build/Intermediates.noindex/ArchiveIntermediates/Quotable/IntermediateBuildFilesPath/Quotable.build/Release/Quotable.build/Objects-normal/x86_64/Quotable-Swift.h (in target 'Quotable' from project 'Quotable')
    cd /Users/joshua/Documents/Code/quotestreak/macos
    builtin-swiftHeaderTool -arch arm64 /Users/joshua/Library/Developer/Xcode/DerivedData/Quotable-feiosoqddtaaylftjupshbudqttq/Build/Intermediates.noindex/ArchiveIntermediates/Quotable/IntermediateBuildFilesPath/Quotable.build/Release/Quotable.build/Objects-normal/arm64/Quotable-Swift.h -arch x86_64 /Users/joshua/Library/Developer/Xcode/DerivedData/Quotable-feiosoqddtaaylftjupshbudqttq/Build/Intermediates.noindex/ArchiveIntermediates/Quotable/IntermediateBuildFilesPath/Quotable.build/Release/Quotable.build/Objects-normal/x86_64/Quotable-Swift.h -o /Users/joshua/Library/Developer/Xcode/DerivedData/Quotable-feiosoqddtaaylftjupshbudqttq/Build/Intermediates.noindex/ArchiveIntermediates/Quotable/IntermediateBuildFilesPath/Quotable.build/Release/Quotable.build/DerivedSources/Quotable-Swift.h

Copy /Users/joshua/Library/Developer/Xcode/DerivedData/Quotable-feiosoqddtaaylftjupshbudqttq/Build/Intermediates.noindex/ArchiveIntermediates/Quotable/BuildProductsPath/Release/Quotable.swiftmodule/arm64-apple-macos.swiftmodule /Users/joshua/Library/Developer/Xcode/DerivedData/Quotable-feiosoqddtaaylftjupshbudqttq/Build/Intermediates.noindex/ArchiveIntermediates/Quotable/IntermediateBuildFilesPath/Quotable.build/Release/Quotable.build/Objects-normal/arm64/Quotable.swiftmodule (in target 'Quotable' from project 'Quotable')
    cd /Users/joshua/Documents/Code/quotestreak/macos
    builtin-copy -exclude .DS_Store -exclude CVS -exclude .svn -exclude .git -exclude .hg -resolve-src-symlinks -rename /Users/joshua/Library/Developer/Xcode/DerivedData/Quotable-feiosoqddtaaylftjupshbudqttq/Build/Intermediates.noindex/ArchiveIntermediates/Quotable/IntermediateBuildFilesPath/Quotable.build/Release/Quotable.build/Objects-normal/arm64/Quotable.swiftmodule /Users/joshua/Library/Developer/Xcode/DerivedData/Quotable-feiosoqddtaaylftjupshbudqttq/Build/Intermediates.noindex/ArchiveIntermediates/Quotable/BuildProductsPath/Release/Quotable.swiftmodule/arm64-apple-macos.swiftmodule

Copy /Users/joshua/Library/Developer/Xcode/DerivedData/Quotable-feiosoqddtaaylftjupshbudqttq/Build/Intermediates.noindex/ArchiveIntermediates/Quotable/BuildProductsPath/Release/Quotable.swiftmodule/arm64-apple-macos.swiftdoc /Users/joshua/Library/Developer/Xcode/DerivedData/Quotable-feiosoqddtaaylftjupshbudqttq/Build/Intermediates.noindex/ArchiveIntermediates/Quotable/IntermediateBuildFilesPath/Quotable.build/Release/Quotable.build/Objects-normal/arm64/Quotable.swiftdoc (in target 'Quotable' from project 'Quotable')
    cd /Users/joshua/Documents/Code/quotestreak/macos
    builtin-copy -exclude .DS_Store -exclude CVS -exclude .svn -exclude .git -exclude .hg -resolve-src-symlinks -rename /Users/joshua/Library/Developer/Xcode/DerivedData/Quotable-feiosoqddtaaylftjupshbudqttq/Build/Intermediates.noindex/ArchiveIntermediates/Quotable/IntermediateBuildFilesPath/Quotable.build/Release/Quotable.build/Objects-normal/arm64/Quotable.swiftdoc /Users/joshua/Library/Developer/Xcode/DerivedData/Quotable-feiosoqddtaaylftjupshbudqttq/Build/Intermediates.noindex/ArchiveIntermediates/Quotable/BuildProductsPath/Release/Quotable.swiftmodule/arm64-apple-macos.swiftdoc

Copy /Users/joshua/Library/Developer/Xcode/DerivedData/Quotable-feiosoqddtaaylftjupshbudqttq/Build/Intermediates.noindex/ArchiveIntermediates/Quotable/BuildProductsPath/Release/Quotable.swiftmodule/arm64-apple-macos.abi.json /Users/joshua/Library/Developer/Xcode/DerivedData/Quotable-feiosoqddtaaylftjupshbudqttq/Build/Intermediates.noindex/ArchiveIntermediates/Quotable/IntermediateBuildFilesPath/Quotable.build/Release/Quotable.build/Objects-normal/arm64/Quotable.abi.json (in target 'Quotable' from project 'Quotable')
    cd /Users/joshua/Documents/Code/quotestreak/macos
    builtin-copy -exclude .DS_Store -exclude CVS -exclude .svn -exclude .git -exclude .hg -resolve-src-symlinks -rename /Users/joshua/Library/Developer/Xcode/DerivedData/Quotable-feiosoqddtaaylftjupshbudqttq/Build/Intermediates.noindex/ArchiveIntermediates/Quotable/IntermediateBuildFilesPath/Quotable.build/Release/Quotable.build/Objects-normal/arm64/Quotable.abi.json /Users/joshua/Library/Developer/Xcode/DerivedData/Quotable-feiosoqddtaaylftjupshbudqttq/Build/Intermediates.noindex/ArchiveIntermediates/Quotable/BuildProductsPath/Release/Quotable.swiftmodule/arm64-apple-macos.abi.json

Ld /Users/joshua/Library/Developer/Xcode/DerivedData/Quotable-feiosoqddtaaylftjupshbudqttq/Build/Intermediates.noindex/ArchiveIntermediates/Quotable/IntermediateBuildFilesPath/Quotable.build/Release/Quotable.build/Objects-normal/x86_64/Binary/Quotable normal x86_64 (in target 'Quotable' from project 'Quotable')
    cd /Users/joshua/Documents/Code/quotestreak/macos
    /Applications/Xcode.app/Contents/Developer/Toolchains/XcodeDefault.xctoolchain/usr/bin/clang -Xlinker -reproducible -target x86_64-apple-macos14.0 -isysroot /Applications/Xcode.app/Contents/Developer/Platforms/MacOSX.platform/Developer/SDKs/MacOSX26.5.sdk -Os -L/Users/joshua/Library/Developer/Xcode/DerivedData/Quotable-feiosoqddtaaylftjupshbudqttq/Build/Intermediates.noindex/ArchiveIntermediates/Quotable/IntermediateBuildFilesPath/EagerLinkingTBDs/Release -L/Users/joshua/Library/Developer/Xcode/DerivedData/Quotable-feiosoqddtaaylftjupshbudqttq/Build/Intermediates.noindex/ArchiveIntermediates/Quotable/BuildProductsPath/Release -F/Users/joshua/Library/Developer/Xcode/DerivedData/Quotable-feiosoqddtaaylftjupshbudqttq/Build/Intermediates.noindex/ArchiveIntermediates/Quotable/IntermediateBuildFilesPath/EagerLinkingTBDs/Release -F/Users/joshua/Library/Developer/Xcode/DerivedData/Quotable-feiosoqddtaaylftjupshbudqttq/Build/Intermediates.noindex/ArchiveIntermediates/Quotable/BuildProductsPath/Release -filelist /Users/joshua/Library/Developer/Xcode/DerivedData/Quotable-feiosoqddtaaylftjupshbudqttq/Build/Intermediates.noindex/ArchiveIntermediates/Quotable/IntermediateBuildFilesPath/Quotable.build/Release/Quotable.build/Objects-normal/x86_64/Quotable.LinkFileList -Xlinker -rpath -Xlinker /usr/lib/swift -Xlinker -rpath -Xlinker @executable_path/../Frameworks -Xlinker -object_path_lto -Xlinker /Users/joshua/Library/Developer/Xcode/DerivedData/Quotable-feiosoqddtaaylftjupshbudqttq/Build/Intermediates.noindex/ArchiveIntermediates/Quotable/IntermediateBuildFilesPath/Quotable.build/Release/Quotable.build/Objects-normal/x86_64/Quotable_lto.o -Xlinker -final_output -Xlinker /Applications/Quotable.app/Contents/MacOS/Quotable -Xlinker -dependency_info -Xlinker /Users/joshua/Library/Developer/Xcode/DerivedData/Quotable-feiosoqddtaaylftjupshbudqttq/Build/Intermediates.noindex/ArchiveIntermediates/Quotable/IntermediateBuildFilesPath/Quotable.build/Release/Quotable.build/Objects-normal/x86_64/Quotable_dependency_info.dat -fobjc-link-runtime -L/Applications/Xcode.app/Contents/Developer/Toolchains/XcodeDefault.xctoolchain/usr/lib/swift/macosx -L/usr/lib/swift -Xlinker -add_ast_path -Xlinker /Users/joshua/Library/Developer/Xcode/DerivedData/Quotable-feiosoqddtaaylftjupshbudqttq/Build/Intermediates.noindex/ArchiveIntermediates/Quotable/IntermediateBuildFilesPath/Quotable.build/Release/Quotable.build/Objects-normal/x86_64/Quotable.swiftmodule @/Users/joshua/Library/Developer/Xcode/DerivedData/Quotable-feiosoqddtaaylftjupshbudqttq/Build/Intermediates.noindex/ArchiveIntermediates/Quotable/IntermediateBuildFilesPath/Quotable.build/Release/Quotable.build/Objects-normal/x86_64/Quotable-linker-args.resp -Xlinker -no_adhoc_codesign -o /Users/joshua/Library/Developer/Xcode/DerivedData/Quotable-feiosoqddtaaylftjupshbudqttq/Build/Intermediates.noindex/ArchiveIntermediates/Quotable/IntermediateBuildFilesPath/Quotable.build/Release/Quotable.build/Objects-normal/x86_64/Binary/Quotable

Ld /Users/joshua/Library/Developer/Xcode/DerivedData/Quotable-feiosoqddtaaylftjupshbudqttq/Build/Intermediates.noindex/ArchiveIntermediates/Quotable/IntermediateBuildFilesPath/Quotable.build/Release/Quotable.build/Objects-normal/arm64/Binary/Quotable normal arm64 (in target 'Quotable' from project 'Quotable')
    cd /Users/joshua/Documents/Code/quotestreak/macos
    /Applications/Xcode.app/Contents/Developer/Toolchains/XcodeDefault.xctoolchain/usr/bin/clang -Xlinker -reproducible -target arm64-apple-macos14.0 -isysroot /Applications/Xcode.app/Contents/Developer/Platforms/MacOSX.platform/Developer/SDKs/MacOSX26.5.sdk -Os -L/Users/joshua/Library/Developer/Xcode/DerivedData/Quotable-feiosoqddtaaylftjupshbudqttq/Build/Intermediates.noindex/ArchiveIntermediates/Quotable/IntermediateBuildFilesPath/EagerLinkingTBDs/Release -L/Users/joshua/Library/Developer/Xcode/DerivedData/Quotable-feiosoqddtaaylftjupshbudqttq/Build/Intermediates.noindex/ArchiveIntermediates/Quotable/BuildProductsPath/Release -F/Users/joshua/Library/Developer/Xcode/DerivedData/Quotable-feiosoqddtaaylftjupshbudqttq/Build/Intermediates.noindex/ArchiveIntermediates/Quotable/IntermediateBuildFilesPath/EagerLinkingTBDs/Release -F/Users/joshua/Library/Developer/Xcode/DerivedData/Quotable-feiosoqddtaaylftjupshbudqttq/Build/Intermediates.noindex/ArchiveIntermediates/Quotable/BuildProductsPath/Release -filelist /Users/joshua/Library/Developer/Xcode/DerivedData/Quotable-feiosoqddtaaylftjupshbudqttq/Build/Intermediates.noindex/ArchiveIntermediates/Quotable/IntermediateBuildFilesPath/Quotable.build/Release/Quotable.build/Objects-normal/arm64/Quotable.LinkFileList -Xlinker -rpath -Xlinker /usr/lib/swift -Xlinker -rpath -Xlinker @executable_path/../Frameworks -Xlinker -object_path_lto -Xlinker /Users/joshua/Library/Developer/Xcode/DerivedData/Quotable-feiosoqddtaaylftjupshbudqttq/Build/Intermediates.noindex/ArchiveIntermediates/Quotable/IntermediateBuildFilesPath/Quotable.build/Release/Quotable.build/Objects-normal/arm64/Quotable_lto.o -Xlinker -final_output -Xlinker /Applications/Quotable.app/Contents/MacOS/Quotable -Xlinker -dependency_info -Xlinker /Users/joshua/Library/Developer/Xcode/DerivedData/Quotable-feiosoqddtaaylftjupshbudqttq/Build/Intermediates.noindex/ArchiveIntermediates/Quotable/IntermediateBuildFilesPath/Quotable.build/Release/Quotable.build/Objects-normal/arm64/Quotable_dependency_info.dat -fobjc-link-runtime -L/Applications/Xcode.app/Contents/Developer/Toolchains/XcodeDefault.xctoolchain/usr/lib/swift/macosx -L/usr/lib/swift -Xlinker -add_ast_path -Xlinker /Users/joshua/Library/Developer/Xcode/DerivedData/Quotable-feiosoqddtaaylftjupshbudqttq/Build/Intermediates.noindex/ArchiveIntermediates/Quotable/IntermediateBuildFilesPath/Quotable.build/Release/Quotable.build/Objects-normal/arm64/Quotable.swiftmodule @/Users/joshua/Library/Developer/Xcode/DerivedData/Quotable-feiosoqddtaaylftjupshbudqttq/Build/Intermediates.noindex/ArchiveIntermediates/Quotable/IntermediateBuildFilesPath/Quotable.build/Release/Quotable.build/Objects-normal/arm64/Quotable-linker-args.resp -Xlinker -no_adhoc_codesign -o /Users/joshua/Library/Developer/Xcode/DerivedData/Quotable-feiosoqddtaaylftjupshbudqttq/Build/Intermediates.noindex/ArchiveIntermediates/Quotable/IntermediateBuildFilesPath/Quotable.build/Release/Quotable.build/Objects-normal/arm64/Binary/Quotable

CreateUniversalBinary /Users/joshua/Library/Developer/Xcode/DerivedData/Quotable-feiosoqddtaaylftjupshbudqttq/Build/Intermediates.noindex/ArchiveIntermediates/Quotable/InstallationBuildProductsLocation/Applications/Quotable.app/Contents/MacOS/Quotable normal arm64\ x86_64 (in target 'Quotable' from project 'Quotable')
    cd /Users/joshua/Documents/Code/quotestreak/macos
    /Applications/Xcode.app/Contents/Developer/Toolchains/XcodeDefault.xctoolchain/usr/bin/lipo -create /Users/joshua/Library/Developer/Xcode/DerivedData/Quotable-feiosoqddtaaylftjupshbudqttq/Build/Intermediates.noindex/ArchiveIntermediates/Quotable/IntermediateBuildFilesPath/Quotable.build/Release/Quotable.build/Objects-normal/arm64/Binary/Quotable /Users/joshua/Library/Developer/Xcode/DerivedData/Quotable-feiosoqddtaaylftjupshbudqttq/Build/Intermediates.noindex/ArchiveIntermediates/Quotable/IntermediateBuildFilesPath/Quotable.build/Release/Quotable.build/Objects-normal/x86_64/Binary/Quotable -output /Users/joshua/Library/Developer/Xcode/DerivedData/Quotable-feiosoqddtaaylftjupshbudqttq/Build/Intermediates.noindex/ArchiveIntermediates/Quotable/InstallationBuildProductsLocation/Applications/Quotable.app/Contents/MacOS/Quotable

CopySwiftLibs /Users/joshua/Library/Developer/Xcode/DerivedData/Quotable-feiosoqddtaaylftjupshbudqttq/Build/Intermediates.noindex/ArchiveIntermediates/Quotable/InstallationBuildProductsLocation/Applications/Quotable.app (in target 'Quotable' from project 'Quotable')
    cd /Users/joshua/Documents/Code/quotestreak/macos
    builtin-swiftStdLibTool --copy --verbose --sign DCF40745BE43EDF323978FBAEB96BAC4C4FA93E2 --scan-executable /Users/joshua/Library/Developer/Xcode/DerivedData/Quotable-feiosoqddtaaylftjupshbudqttq/Build/Intermediates.noindex/ArchiveIntermediates/Quotable/InstallationBuildProductsLocation/Applications/Quotable.app/Contents/MacOS/Quotable --scan-folder /Users/joshua/Library/Developer/Xcode/DerivedData/Quotable-feiosoqddtaaylftjupshbudqttq/Build/Intermediates.noindex/ArchiveIntermediates/Quotable/InstallationBuildProductsLocation/Applications/Quotable.app/Contents/Frameworks --scan-folder /Users/joshua/Library/Developer/Xcode/DerivedData/Quotable-feiosoqddtaaylftjupshbudqttq/Build/Intermediates.noindex/ArchiveIntermediates/Quotable/InstallationBuildProductsLocation/Applications/Quotable.app/Contents/PlugIns --scan-folder /Users/joshua/Library/Developer/Xcode/DerivedData/Quotable-feiosoqddtaaylftjupshbudqttq/Build/Intermediates.noindex/ArchiveIntermediates/Quotable/InstallationBuildProductsLocation/Applications/Quotable.app/Contents/Library/SystemExtensions --scan-folder /Users/joshua/Library/Developer/Xcode/DerivedData/Quotable-feiosoqddtaaylftjupshbudqttq/Build/Intermediates.noindex/ArchiveIntermediates/Quotable/InstallationBuildProductsLocation/Applications/Quotable.app/Contents/Extensions --platform macosx --toolchain /Applications/Xcode.app/Contents/Developer/Toolchains/XcodeDefault.xctoolchain --destination /Users/joshua/Library/Developer/Xcode/DerivedData/Quotable-feiosoqddtaaylftjupshbudqttq/Build/Intermediates.noindex/ArchiveIntermediates/Quotable/InstallationBuildProductsLocation/Applications/Quotable.app/Contents/Frameworks --unsigned-destination /Users/joshua/Library/Developer/Xcode/DerivedData/Quotable-feiosoqddtaaylftjupshbudqttq/Build/Intermediates.noindex/ArchiveIntermediates/Quotable/BuildProductsPath/SwiftSupport --strip-bitcode --strip-bitcode-tool /Applications/Xcode.app/Contents/Developer/Toolchains/XcodeDefault.xctoolchain/usr/bin/bitcode_strip --emit-dependency-info /Users/joshua/Library/Developer/Xcode/DerivedData/Quotable-feiosoqddtaaylftjupshbudqttq/Build/Intermediates.noindex/ArchiveIntermediates/Quotable/IntermediateBuildFilesPath/Quotable.build/Release/Quotable.build/SwiftStdLibToolInputDependencies.dep --filter-for-swift-os --back-deploy-swift-span

ExtractAppIntentsMetadata (in target 'Quotable' from project 'Quotable')
    cd /Users/joshua/Documents/Code/quotestreak/macos
    /Applications/Xcode.app/Contents/Developer/Toolchains/XcodeDefault.xctoolchain/usr/bin/appintentsmetadataprocessor --toolchain-dir /Applications/Xcode.app/Contents/Developer/Toolchains/XcodeDefault.xctoolchain --module-name Quotable --sdk-root /Applications/Xcode.app/Contents/Developer/Platforms/MacOSX.platform/Developer/SDKs/MacOSX26.5.sdk --xcode-version 17F113 --platform-family macOS --deployment-target 14.0 --bundle-identifier com.heyitsmejosh.quotable --output /Users/joshua/Library/Developer/Xcode/DerivedData/Quotable-feiosoqddtaaylftjupshbudqttq/Build/Intermediates.noindex/ArchiveIntermediates/Quotable/InstallationBuildProductsLocation/Applications/Quotable.app/Contents/Resources --target-triple arm64-apple-macos14.0 --target-triple x86_64-apple-macos14.0 --binary-file /Users/joshua/Library/Developer/Xcode/DerivedData/Quotable-feiosoqddtaaylftjupshbudqttq/Build/Intermediates.noindex/ArchiveIntermediates/Quotable/InstallationBuildProductsLocation/Applications/Quotable.app/Contents/MacOS/Quotable --dependency-file /Users/joshua/Library/Developer/Xcode/DerivedData/Quotable-feiosoqddtaaylftjupshbudqttq/Build/Intermediates.noindex/ArchiveIntermediates/Quotable/IntermediateBuildFilesPath/Quotable.build/Release/Quotable.build/Objects-normal/arm64/Quotable_dependency_info.dat --dependency-file /Users/joshua/Library/Developer/Xcode/DerivedData/Quotable-feiosoqddtaaylftjupshbudqttq/Build/Intermediates.noindex/ArchiveIntermediates/Quotable/IntermediateBuildFilesPath/Quotable.build/Release/Quotable.build/Objects-normal/x86_64/Quotable_dependency_info.dat --stringsdata-file /Users/joshua/Library/Developer/Xcode/DerivedData/Quotable-feiosoqddtaaylftjupshbudqttq/Build/Intermediates.noindex/ArchiveIntermediates/Quotable/IntermediateBuildFilesPath/Quotable.build/Release/Quotable.build/Objects-normal/arm64/ExtractedAppShortcutsMetadata.stringsdata --stringsdata-file /Users/joshua/Library/Developer/Xcode/DerivedData/Quotable-feiosoqddtaaylftjupshbudqttq/Build/Intermediates.noindex/ArchiveIntermediates/Quotable/IntermediateBuildFilesPath/Quotable.build/Release/Quotable.build/Objects-normal/x86_64/ExtractedAppShortcutsMetadata.stringsdata --source-file-list /Users/joshua/Library/Developer/Xcode/DerivedData/Quotable-feiosoqddtaaylftjupshbudqttq/Build/Intermediates.noindex/ArchiveIntermediates/Quotable/IntermediateBuildFilesPath/Quotable.build/Release/Quotable.build/Objects-normal/arm64/Quotable.SwiftFileList --source-file-list /Users/joshua/Library/Developer/Xcode/DerivedData/Quotable-feiosoqddtaaylftjupshbudqttq/Build/Intermediates.noindex/ArchiveIntermediates/Quotable/IntermediateBuildFilesPath/Quotable.build/Release/Quotable.build/Objects-normal/x86_64/Quotable.SwiftFileList --metadata-file-list /Users/joshua/Library/Developer/Xcode/DerivedData/Quotable-feiosoqddtaaylftjupshbudqttq/Build/Intermediates.noindex/ArchiveIntermediates/Quotable/IntermediateBuildFilesPath/Quotable.build/Release/Quotable.build/Quotable.DependencyMetadataFileList --static-metadata-file-list /Users/joshua/Library/Developer/Xcode/DerivedData/Quotable-feiosoqddtaaylftjupshbudqttq/Build/Intermediates.noindex/ArchiveIntermediates/Quotable/IntermediateBuildFilesPath/Quotable.build/Release/Quotable.build/Quotable.DependencyStaticMetadataFileList --swift-const-vals-list /Users/joshua/Library/Developer/Xcode/DerivedData/Quotable-feiosoqddtaaylftjupshbudqttq/Build/Intermediates.noindex/ArchiveIntermediates/Quotable/IntermediateBuildFilesPath/Quotable.build/Release/Quotable.build/Objects-normal/arm64/Quotable.SwiftConstValuesFileList --swift-const-vals-list /Users/joshua/Library/Developer/Xcode/DerivedData/Quotable-feiosoqddtaaylftjupshbudqttq/Build/Intermediates.noindex/ArchiveIntermediates/Quotable/IntermediateBuildFilesPath/Quotable.build/Release/Quotable.build/Objects-normal/x86_64/Quotable.SwiftConstValuesFileList --compile-time-extraction --deployment-aware-processing --validate-assistant-intents --no-app-shortcuts-localization
2026-09-02 19:36:21.893 appintentsmetadataprocessor[39439:449039] Starting appintentsmetadataprocessor export
2026-09-02 19:36:21.897 appintentsmetadataprocessor[39439:449039] warning: Metadata extraction skipped. No AppIntents.framework dependency found.

GenerateDSYMFile /Users/joshua/Library/Developer/Xcode/DerivedData/Quotable-feiosoqddtaaylftjupshbudqttq/Build/Intermediates.noindex/ArchiveIntermediates/Quotable/BuildProductsPath/Release/Quotable.app.dSYM /Users/joshua/Library/Developer/Xcode/DerivedData/Quotable-feiosoqddtaaylftjupshbudqttq/Build/Intermediates.noindex/ArchiveIntermediates/Quotable/InstallationBuildProductsLocation/Applications/Quotable.app/Contents/MacOS/Quotable (in target 'Quotable' from project 'Quotable')
    cd /Users/joshua/Documents/Code/quotestreak/macos
    /Applications/Xcode.app/Contents/Developer/Toolchains/XcodeDefault.xctoolchain/usr/bin/dsymutil /Users/joshua/Library/Developer/Xcode/DerivedData/Quotable-feiosoqddtaaylftjupshbudqttq/Build/Intermediates.noindex/ArchiveIntermediates/Quotable/InstallationBuildProductsLocation/Applications/Quotable.app/Contents/MacOS/Quotable -o /Users/joshua/Library/Developer/Xcode/DerivedData/Quotable-feiosoqddtaaylftjupshbudqttq/Build/Intermediates.noindex/ArchiveIntermediates/Quotable/BuildProductsPath/Release/Quotable.app.dSYM

Strip /Users/joshua/Library/Developer/Xcode/DerivedData/Quotable-feiosoqddtaaylftjupshbudqttq/Build/Intermediates.noindex/ArchiveIntermediates/Quotable/InstallationBuildProductsLocation/Applications/Quotable.app/Contents/MacOS/Quotable (in target 'Quotable' from project 'Quotable')
    cd /Users/joshua/Documents/Code/quotestreak/macos
    /Applications/Xcode.app/Contents/Developer/Toolchains/XcodeDefault.xctoolchain/usr/bin/strip -D /Users/joshua/Library/Developer/Xcode/DerivedData/Quotable-feiosoqddtaaylftjupshbudqttq/Build/Intermediates.noindex/ArchiveIntermediates/Quotable/InstallationBuildProductsLocation/Applications/Quotable.app/Contents/MacOS/Quotable

SetOwnerAndGroup joshua:staff /Users/joshua/Library/Developer/Xcode/DerivedData/Quotable-feiosoqddtaaylftjupshbudqttq/Build/Intermediates.noindex/ArchiveIntermediates/Quotable/InstallationBuildProductsLocation/Applications/Quotable.app (in target 'Quotable' from project 'Quotable')
    cd /Users/joshua/Documents/Code/quotestreak/macos
    /usr/sbin/chown -RH joshua:staff /Users/joshua/Library/Developer/Xcode/DerivedData/Quotable-feiosoqddtaaylftjupshbudqttq/Build/Intermediates.noindex/ArchiveIntermediates/Quotable/InstallationBuildProductsLocation/Applications/Quotable.app

SetMode u+w,go-w,a+rX /Users/joshua/Library/Developer/Xcode/DerivedData/Quotable-feiosoqddtaaylftjupshbudqttq/Build/Intermediates.noindex/ArchiveIntermediates/Quotable/InstallationBuildProductsLocation/Applications/Quotable.app (in target 'Quotable' from project 'Quotable')
    cd /Users/joshua/Documents/Code/quotestreak/macos
    /bin/chmod -RH u+w,go-w,a+rX /Users/joshua/Library/Developer/Xcode/DerivedData/Quotable-feiosoqddtaaylftjupshbudqttq/Build/Intermediates.noindex/ArchiveIntermediates/Quotable/InstallationBuildProductsLocation/Applications/Quotable.app

CodeSign /Users/joshua/Library/Developer/Xcode/DerivedData/Quotable-feiosoqddtaaylftjupshbudqttq/Build/Intermediates.noindex/ArchiveIntermediates/Quotable/InstallationBuildProductsLocation/Applications/Quotable.app (in target 'Quotable' from project 'Quotable')
    cd /Users/joshua/Documents/Code/quotestreak/macos
    
    Signing Identity:     "Apple Development: trommatic@icloud.com (8VQ3Z7494A)"
    
    /usr/bin/codesign --force --sign DCF40745BE43EDF323978FBAEB96BAC4C4FA93E2 --entitlements /Users/joshua/Library/Developer/Xcode/DerivedData/Quotable-feiosoqddtaaylftjupshbudqttq/Build/Intermediates.noindex/ArchiveIntermediates/Quotable/IntermediateBuildFilesPath/Quotable.build/Release/Quotable.build/Quotable.app.xcent --generate-entitlement-der /Users/joshua/Library/Developer/Xcode/DerivedData/Quotable-feiosoqddtaaylftjupshbudqttq/Build/Intermediates.noindex/ArchiveIntermediates/Quotable/InstallationBuildProductsLocation/Applications/Quotable.app

RegisterExecutionPolicyException /Users/joshua/Library/Developer/Xcode/DerivedData/Quotable-feiosoqddtaaylftjupshbudqttq/Build/Intermediates.noindex/ArchiveIntermediates/Quotable/InstallationBuildProductsLocation/Applications/Quotable.app (in target 'Quotable' from project 'Quotable')
    cd /Users/joshua/Documents/Code/quotestreak/macos
    builtin-RegisterExecutionPolicyException /Users/joshua/Library/Developer/Xcode/DerivedData/Quotable-feiosoqddtaaylftjupshbudqttq/Build/Intermediates.noindex/ArchiveIntermediates/Quotable/InstallationBuildProductsLocation/Applications/Quotable.app

Validate /Users/joshua/Library/Developer/Xcode/DerivedData/Quotable-feiosoqddtaaylftjupshbudqttq/Build/Intermediates.noindex/ArchiveIntermediates/Quotable/InstallationBuildProductsLocation/Applications/Quotable.app (in target 'Quotable' from project 'Quotable')
    cd /Users/joshua/Documents/Code/quotestreak/macos
    builtin-validationUtility /Users/joshua/Library/Developer/Xcode/DerivedData/Quotable-feiosoqddtaaylftjupshbudqttq/Build/Intermediates.noindex/ArchiveIntermediates/Quotable/InstallationBuildProductsLocation/Applications/Quotable.app -no-validate-extension -infoplist-subpath Contents/Info.plist

Touch /Users/joshua/Library/Developer/Xcode/DerivedData/Quotable-feiosoqddtaaylftjupshbudqttq/Build/Intermediates.noindex/ArchiveIntermediates/Quotable/InstallationBuildProductsLocation/Applications/Quotable.app (in target 'Quotable' from project 'Quotable')
    cd /Users/joshua/Documents/Code/quotestreak/macos
    /usr/bin/touch -c /Users/joshua/Library/Developer/Xcode/DerivedData/Quotable-feiosoqddtaaylftjupshbudqttq/Build/Intermediates.noindex/ArchiveIntermediates/Quotable/InstallationBuildProductsLocation/Applications/Quotable.app

RegisterWithLaunchServices /Users/joshua/Library/Developer/Xcode/DerivedData/Quotable-feiosoqddtaaylftjupshbudqttq/Build/Intermediates.noindex/ArchiveIntermediates/Quotable/InstallationBuildProductsLocation/Applications/Quotable.app (in target 'Quotable' from project 'Quotable')
    cd /Users/joshua/Documents/Code/quotestreak/macos
    /System/Library/Frameworks/CoreServices.framework/Versions/Current/Frameworks/LaunchServices.framework/Versions/Current/Support/lsregister -f -R -trusted /Users/joshua/Library/Developer/Xcode/DerivedData/Quotable-feiosoqddtaaylftjupshbudqttq/Build/Intermediates.noindex/ArchiveIntermediates/Quotable/InstallationBuildProductsLocation/Applications/Quotable.app

** ARCHIVE SUCCEEDED **

{"archive_path":"../.asc/artifacts/QuotableMac.xcarchive","bundle_id":"com.heyitsmejosh.quotable","version":"1.2.1","build_number":"202609021935","scheme":"Quotable"}
